,tahun,bulan,jenis,kode_trayek,trayek,jumlah_penumpang
0,2021,10,Mikrotrans,JAK.88,Terminal Tanjung Priok - Ancol Barat,31197
1,2021,10,Mikrotrans,JAK.85,Bintara - Cipinang Indah,30711
2,2021,10,Mikrotrans,JAK.84,Terminal Kampung Melayu - Kapin Raya,40186
3,2021,10,Mikrotrans,JAK.80,Rawa Buaya - Rawa Kompeni,61883
4,2021,10,Mikrotrans,JA.77,Tanjung Priok - Jembatan Item,66616
5,2021,10,Mikrotrans,JAK.75,Cililitan - Kp. Pulo,50363
6,2021,10,Mikrotrans,JAK.74,Terminal Rawamangun - Cipinang Muara,50676
7,2021,10,Mikrotrans,JAK.73,Jambore Cibubur - Pasar Rebo,75846
8,2021,10,Mikrotrans,JAK.72,Kampung Rambutan - Pasar Rebo via Poncol,97831
9,2021,10,Mikrotrans,JAK.71,Kampung Rambutan - Pinang Ranti,57649
10,2021,10,Mikrotrans,JAK.64,Lenteng Agung - Aseli,52926
11,2021,10,Mikrotrans,JAK.61,Cempaka Putih - Pulo Gadung via Kelapa Gading,35233
12,2021,10,Mikrotrans,JAK.60,Kelapa Gading - Rusun Kemayoran,69665
13,2021,10,Mikrotrans,JAK.59,Rawamangun - Tanah Merah,72106
14,2021,10,Mikrotrans,JAK.58,Cilingcing - Rorotan,91654
15,2021,10,Mikrotrans,JAK.56,Grogol - Srengseng,49293
16,2021,10,Mikrotrans,JAK.54,Grogol - Benhil,41815
17,2021,10,Mikrotrans,JAK.53,Grogol - Pos Pengumben via Slipi,46344
18,2021,10,Mikrotrans,JAK.52,Kalideres - Muara Angke,65266
19,2021,10,Mikrotrans,JAK.51,Taman Kota - Budi Luhur,104140
20,2021,10,Mikrotrans,JAK.50,Kalideres - Puri Kembangan,69097
21,2021,10,Mikrotrans,JAK.49,Lebak Bulus - Cipulir,44014
22,2021,10,Mikrotrans,JAK.47,Pasar Minggu - Ciganjur via KB Ragunan,50597
23,2021,10,Mikrotrans,JAK.46,Pasar Minggu - Jagakarsa,83425
24,2021,10,Mikrotrans,JAK.45,Lebak Bulus - Ragunan,48167
25,2021,10,Mikrotrans,JAK.44,Andara - Stasiun Universitas Pancasila,64885
26,2021,10,Mikrotrans,JAK.43,Tongtek - Cililitan,94923
27,2021,10,Mikrotrans,JAK.42,Kampung Melayu - Pondok Kelapa,71096
28,2021,10,Mikrotrans,JAK.41,Kampung Melayu - Ppulo Gadung,46177
29,2021,10,Mikrotrans,JAK.40,Harapan Baru - Pulo Gebang via Rawa Kuning,41534
30,2021,10,Mikrotrans,JAK.39,Kalimalang - Duren Sawit,63975
31,2021,10,Mikrotrans,JAK.38,Bulak Ringin - Kampung Rambutan,46304
32,2021,10,Mikrotrans,JAK.37,Cililitan - Condet via Kayu Manis,59214
33,2021,10,Mikrotrans,JAK.36,Cilangkap - Cililitan,64162
34,2021,10,Mikrotrans,JAK.35,Pangkalan  Jati - Rawamangun,32715
35,2021,10,Mikrotrans,JAK.34,Rawamangun - Klender,69978
36,2021,10,Mikrotrans,JAK.33,Pulo Gadung - Kota,51615
37,2021,10,Mikrotrans,JAK.32,Lebak Bulus - Petukangan,79962
38,2021,10,Mikrotrans,JAK.31,Blok M - Andara,60715
39,2021,10,Mikrotrans,JAK.30,Grogol - Meruya via Roxy,133054
40,2021,10,Mikrotrans,JAK.29,Tanjung Priok - Sukapura,117647
41,2021,10,Mikrotrans,JAK.28,Kp. Rambutan - Taman Wiladatika,62587
42,2021,10,Mikrotrans,JAK.27,Pulo Gebang - Rorotan,51771
43,2021,10,Mikrotrans,JAK.26,Rawamangun - Duren Sawit,43232
44,2021,10,Mikrotrans,JAK.25,Kp. Rambutan - Kalisari,49474
45,2021,10,Mikrotrans,JAK.24,Senen - Pulo Gadung via Kelapa Gading,80125
46,2021,10,Mikrotrans,JAK.22,Dwikora - Penas Kalimalang,20483
47,2021,10,Mikrotrans,JAK.21,Cililitan - Dwikora,73032
48,2021,10,Mikrotrans,JAK.20,Cawang UKI - Lubang Buaya,53380
49,2021,10,Mikrotrans,"JAK,19",Pinang Ranti - Kampung Rambutan,99743
50,2021,10,Mikrotrans,JAK.18,Kalibata - Kuningan,36622
51,2021,10,Mikrotrans,JAK.17,Senen - Pulo Gadung ,51089
52,2021,10,Mikrotrans,JAK.16,Cililitan - Condet via Kayu Manis,83100
53,2021,10,Mikrotrans,JAK.15,Bulak Turi - Tanjung Priok,120526
54,2021,10,Mikrotrans,JAK.14,Tanah Abang - Meruya,91917
55,2021,10,Mikrotrans,JAK.13,Tanah Abang - Kota Intan via Jembatan Lima,18200
56,2021,10,Mikrotrans,JAK.12,Tanah Abang - Kebayoran Lama via Pos Pengumben,69299
57,2021,10,Mikrotrans,JAK.117,Tanjung Priok - Tanah Merdeka,93413
58,2021,10,Mikrotrans,JAK.112,Terminal Tanah Merah - Pulo Gadung,73467
59,2021,10,Mikrotrans,JAK.11,Tanah Abang - Kebayoran Lama ,78213
60,2021,10,Mikrotrans,JAK.10,Tanah Abang - Kota ,49482
61,2021,10,Mikrotrans,JAK.09,Roxy Mas - Karet,28495
62,2021,10,Mikrotrans,JAK.08,Roxy - Benhil,41236
63,2021,10,Mikrotrans,JAK.07,Tanah Abang - Grogol via Tawakal,56372
64,2021,10,Mikrotrans,JAK.06,Kampung Rambutan - Pondok Gede,64505
65,2021,10,Mikrotrans,JAK.05,Semper - Rorotan,65429
66,2021,10,Mikrotrans,JAK.04,Grogol - Tubagus Angke,50863
67,2021,10,Mikrotrans,JAK.03,Lebak Bulus - Andara,37131
68,2021,10,Mikrotrans,JAK.02,Kampung Melayu - Duren Sawit,48317
69,2021,10,Mikrotrans,JAK.01,Tanjung Priok - Plumpang,65293
70,2021,10,BRT,9,Pinang Ranti - Pluit,670052
71,2021,10,BRT,8,Lebak Bulus - Harmoni,442361
72,2021,10,BRT,7,Kampung Rambutan - Kampung Melayu,376261
73,2021,10,BRT,6,Ragunan - Dukuh Atas 2,348321
74,2021,10,BRT,5,Kampung Melayu - Ancol,430590
75,2021,10,BRT,4,Pulo Gadung 2 - Tosari,274326
76,2021,10,BRT,3,Kalideres - Pasar Baru,466445
77,2021,10,BRT,2,Pulo Gadung 1 - Harmoni,331229
78,2021,10,BRT,13,Ciledug - Tendean,307410
79,2021,10,BRT,12,Penjaringan - Sunter Bouleverd Barat,140853
80,2021,10,BRT,11,Pulo Gebang - Kampung Melayu,135543
81,2021,10,BRT,10,Tanjung Priok - PGC 2,369184
82,2021,10,BRT,1,Blok M - Kota,903783
83,2021,10,Angkutan Umum Integrasi,9H,Cipedak - Blok M,16256
84,2021,10,Angkutan Umum Integrasi,9E,Kebayoran Lama - Jelambar,16905
85,2021,10,Angkutan Umum Integrasi,9D,Pasar Minggu - Tanah Abang,81799
86,2021,10,Angkutan Umum Integrasi,8K,Batu Sari-Tanah Abang,8122
87,2021,10,Angkutan Umum Integrasi,8E,Bintaro - Blok M,18112
88,2021,10,Angkutan Umum Integrasi,8D,Joglo - Blok M,24637
89,2021,10,Angkutan Umum Integrasi,8C,Kebayoran Lama - Tanah Abang,0
90,2021,10,Angkutan Umum Integrasi,7P,Pondok Kelapa - BKN,25384
91,2021,10,Angkutan Umum Integrasi,7D,Pancoran - TMII,20689
92,2021,10,Angkutan Umum Integrasi,7B,Kampung Rambutan - Blok M,77492
93,2021,10,Angkutan Umum Integrasi,7A,Kampung Rambutan - Lebak Bulus,80151
94,2021,10,Angkutan Umum Integrasi,6R,Ragunan - Stasin MRT Fatmawati,0
95,2021,10,Angkutan Umum Integrasi,6N,Ragunan - Blok M via Kemang,25776
96,2021,10,Angkutan Umum Integrasi,6M,Stasiun Manggarai - Blok  M,19821
97,2021,10,Angkutan Umum Integrasi,6H,Senen - Lebak Bulus,18839
98,2021,10,Angkutan Umum Integrasi,6C,Stasin Tebet - Karet via Patra Kuningan,93175
99,2021,10,Angkutan Umum Integrasi,5M,Kampung Melayu - Tanah Abang via Cikini,78012
100,2021,10,Angkutan Umum Integrasi,5F,Kampung Melayu - Tanah Abang,14392
101,2021,10,Angkutan Umum Integrasi,5B,Stasiun Tebet - Bidara Cina,7245
102,2021,10,Angkutan Umum Integrasi,4F,Pinang Ranti - Pulo Gadung,34614
103,2021,10,Angkutan Umum Integrasi,4B,Stasiun Manggarai - UI,33436
104,2021,10,Angkutan Umum Integrasi,3E ,Sentraland Cengkareng - Puri Kembangan,24133
105,2021,10,Angkutan Umum Integrasi,1R,Senen - Tanah Abang,12633
106,2021,10,Angkutan Umum Integrasi,1Q,Rempoa - Blok M,26660
107,2021,10,Angkutan Umum Integrasi,1P,Senen - Bundaran Senayan,9135
108,2021,10,Angkutan Umum Integrasi,1N,Tanah Abang - Blok M,12969
109,2021,10,Angkutan Umum Integrasi,1M,Meruya - Blok M,20501
110,2021,10,Angkutan Umum Integrasi,1H,Tanah Abang - Stasiun Gondangdia,37638
111,2021,10,Angkutan Umum Integrasi,1F,Stasiun Palmerah - Bundaran Senayan,0
112,2021,10,Angkutan Umum Integrasi,1E,Pondok  Labu - Blok M,71245
113,2021,10,Angkutan Umum Integrasi,1C,Pesanggrahan - Blok M,14984
114,2021,10,Angkutan Umum Integrasi,1B,Stasiun Palmerah - Tosari,29339
115,2021,10,Angkutan Umum Integrasi,1A,PIK - Balai Kota,67571
116,2021,10,Angkutan Umum Integrasi,12B,Pluit - Senen,8148
117,2021,10,Angkutan Umum Integrasi,11Q,Kampung Melayu - Pulo Gebang via BKT,9781
118,2021,10,Angkutan Umum Integrasi,11D,Pulo Gebang - Pulo Gadung 2 via PIK,54197
119,2021,10,Angkutan Umum Integrasi,10K,Tanjung Priok - Senen via Taman  BMW,34615
120,2021,10,Angkutan Umum Integrasi,GR4,Taman Kota Intan - Museum Bahari,22
121,2021,10,Angkutan Umum Integrasi,GR5,Kota Tua Explorer,21
122,2021,8,Mikrotrans,JAK.88,Terminal Tanjung Priok - Ancol Barat,20245
123,2021,8,Mikrotrans,JAK.85,Bintara - Cipinang Indah,19989
124,2021,8,Mikrotrans,JAK.84,Terminal Kampung Melayu - Kapin Raya,33638
125,2021,8,Mikrotrans,JAK.80,Rawa Buaya - Rawa Kompeni,46653
126,2021,8,Mikrotrans,JA.77,Tanjung Priok - Jembatan Item,47157
127,2021,8,Mikrotrans,JAK.75,Cililitan - Kp. Pulo,34670
128,2021,8,Mikrotrans,JAK.74,Terminal Rawamangun - Cipinang Muara,27982
129,2021,8,Mikrotrans,JAK.73,Jambore Cibubur - Pasar Rebo,50707
130,2021,8,Mikrotrans,JAK.72,Kampung Rambutan - Pasar Rebo via Poncol,64823
131,2021,8,Mikrotrans,JAK.71,Kampung Rambutan - Pinang Ranti,48103
132,2021,8,Mikrotrans,JAK.64,Lenteng Agung - Aseli,35068
133,2021,8,Mikrotrans,JAK.61,Cempaka Putih - Pulo Gadung via Kelapa Gading,20802
134,2021,8,Mikrotrans,JAK.60,Kelapa Gading - Rusun Kemayoran,44923
135,2021,8,Mikrotrans,JAK.59,Rawamangun - Tanah Merah,43369
136,2021,8,Mikrotrans,JAK.58,Cilingcing - Rorotan,62761
137,2021,8,Mikrotrans,JAK.56,Grogol - Srengseng,33731
138,2021,8,Mikrotrans,JAK.54,Grogol - Benhil,30485
139,2021,8,Mikrotrans,JAK.53,Grogol - Pos Pengumben via Slipi,28991
140,2021,8,Mikrotrans,JAK.52,Kalideres - Muara Angke,51132
141,2021,8,Mikrotrans,JAK.51,Taman Kota - Budi Luhur,75413
142,2021,8,Mikrotrans,JAK.50,Kalideres - Puri Kembangan,45605
143,2021,8,Mikrotrans,JAK.49,Lebak Bulus - Cipulir,29621
144,2021,8,Mikrotrans,JAK.47,Pasar Minggu - Ciganjur via KB Ragunan,30006
145,2021,8,Mikrotrans,JAK.46,Pasar Minggu - Jagakarsa,55148
146,2021,8,Mikrotrans,JAK.45,Lebak Bulus - Ragunan,32335
147,2021,8,Mikrotrans,JAK.44,Andara - Stasiun Universitas Pancasila,46374
148,2021,8,Mikrotrans,JAK.43,Tongtek - Cililitan,58213
149,2021,8,Mikrotrans,JAK.42,Kampung Melayu - Pondok Kelapa,47589
150,2021,8,Mikrotrans,JAK.41,Kampung Melayu - Ppulo Gadung,32666
151,2021,8,Mikrotrans,JAK.40,Harapan Baru - Pulo Gebang via Rawa Kuning,22353
152,2021,8,Mikrotrans,JAK.39,Kalimalang - Duren Sawit,43139
153,2021,8,Mikrotrans,JAK.38,Bulak Ringin - Kampung Rambutan,33889
154,2021,8,Mikrotrans,JAK.37,Cililitan - Condet via Kayu Manis,37567
155,2021,8,Mikrotrans,JAK.36,Cilangkap - Cililitan,46615
156,2021,8,Mikrotrans,JAK.35,Pangkalan  Jati - Rawamangun,22681
157,2021,8,Mikrotrans,JAK.34,Rawamangun - Klender,46147
158,2021,8,Mikrotrans,JAK.33,Pulo Gadung - Kota,36510
159,2021,8,Mikrotrans,JAK.32,Lebak Bulus - Petukangan,52495
160,2021,8,Mikrotrans,JAK.31,Blok M - Andara,42042
161,2021,8,Mikrotrans,JAK.30,Grogol - Meruya via Roxy,98364
162,2021,8,Mikrotrans,JAK.29,Tanjung Priok - Sukapura,76445
163,2021,8,Mikrotrans,JAK.28,Kp. Rambutan - Taman Wiladatika,43060
164,2021,8,Mikrotrans,JAK.27,Pulo Gebang - Rorotan,26092
165,2021,8,Mikrotrans,JAK.26,Rawamangun - Duren Sawit,27039
166,2021,8,Mikrotrans,JAK.25,Kp. Rambutan - Kalisari,36277
167,2021,8,Mikrotrans,JAK.24,Senen - Pulo Gadung via Kelapa Gading,49233
168,2021,8,Mikrotrans,JAK.22,Dwikora - Penas Kalimalang,13571
169,2021,8,Mikrotrans,JAK.21,Cililitan - Dwikora,50101
170,2021,8,Mikrotrans,JAK.20,Cawang UKI - Lubang Buaya,38834
171,2021,8,Mikrotrans,"JAK,19",Pinang Ranti - Kampung Rambutan,72845
172,2021,8,Mikrotrans,JAK.18,Kalibata - Kuningan,21168
173,2021,8,Mikrotrans,JAK.17,Senen - Pulo Gadung ,31113
174,2021,8,Mikrotrans,JAK.16,Cililitan - Condet via Kayu Manis,48505
175,2021,8,Mikrotrans,JAK.15,Bulak Turi - Tanjung Priok,81655
176,2021,8,Mikrotrans,JAK.14,Tanah Abang - Meruya,51129
177,2021,8,Mikrotrans,JAK.13,Tanah Abang - Kota Intan via Jembatan Lima,13403
178,2021,8,Mikrotrans,JAK.12,Tanah Abang - Kebayoran Lama via Pos Pengumben,48687
179,2021,8,Mikrotrans,JAK.117,Tanjung Priok - Tanah Merdeka,60534
180,2021,8,Mikrotrans,JAK.112,Terminal Tanah Merah - Pulo Gadung,37541
181,2021,8,Mikrotrans,JAK.11,Tanah Abang - Kebayoran Lama ,53707
182,2021,8,Mikrotrans,JAK.10,Tanah Abang - Kota ,36689
183,2021,8,Mikrotrans,JAK.09,Roxy Mas - Karet,17927
184,2021,8,Mikrotrans,JAK.08,Roxy - Benhil,27251
185,2021,8,Mikrotrans,JAK.07,Tanah Abang - Grogol via Tawakal,34491
186,2021,8,Mikrotrans,JAK.06,Kampung Rambutan - Pondok Gede,45647
187,2021,8,Mikrotrans,JAK.05,Semper - Rorotan,43302
188,2021,8,Mikrotrans,JAK.04,Grogol - Tubagus Angke,37882
189,2021,8,Mikrotrans,JAK.03,Lebak Bulus - Andara,24756
190,2021,8,Mikrotrans,JAK.02,Kampung Melayu - Duren Sawit,31289
191,2021,8,Mikrotrans,JAK.01,Tanjung Priok - Plumpang,46703
192,2021,8,BRT,9,Pinang Ranti - Pluit,399358
193,2021,8,BRT,8,Lebak Bulus - Harmoni,248009
194,2021,8,BRT,7,Kampung Rambutan - Kampung Melayu,211537
195,2021,8,BRT,6,Ragunan - Dukuh Atas 2,194549
196,2021,8,BRT,5,Kampung Melayu - Ancol,228704
197,2021,8,BRT,4,Pulo Gadung 2 - Tosari,147131
198,2021,8,BRT,3,Kalideres - Pasar Baru,263067
199,2021,8,BRT,2,Pulo Gadung 1 - Harmoni,182122
200,2021,8,BRT,13,Ciledug - Tendean,160187
201,2021,8,BRT,12,Penjaringan - Sunter Bouleverd Barat,80348
202,2021,8,BRT,11,Pulo Gebang - Kampung Melayu,74753
203,2021,8,BRT,10,Tanjung Priok - PGC 2,213453
204,2021,8,BRT,1,Blok M - Kota,462959
205,2021,8,Angkutan Umum Integrasi,9H,Cipedak - Blok M,11808
206,2021,8,Angkutan Umum Integrasi,9E,Kebayoran Lama - Jelambar,10317
207,2021,8,Angkutan Umum Integrasi,9D,Pasar Minggu - Tanah Abang,57029
208,2021,8,Angkutan Umum Integrasi,8K,Batu Sari-Tanah Abang,5714
209,2021,8,Angkutan Umum Integrasi,8E,Bintaro - Blok M,12951
210,2021,8,Angkutan Umum Integrasi,8D,Joglo - Blok M,16723
211,2021,8,Angkutan Umum Integrasi,8C,Kebayoran Lama - Tanah Abang,0
212,2021,8,Angkutan Umum Integrasi,7P,Pondok Kelapa - BKN,16352
213,2021,8,Angkutan Umum Integrasi,7D,Pancoran - TMII,11908
214,2021,8,Angkutan Umum Integrasi,7B,Kampung Rambutan - Blok M,46807
215,2021,8,Angkutan Umum Integrasi,7A,Kampung Rambutan - Lebak Bulus,46292
216,2021,8,Angkutan Umum Integrasi,6R,Ragunan - Stasin MRT Fatmawati,0
217,2021,8,Angkutan Umum Integrasi,6N,Ragunan - Blok M via Kemang,16390
218,2021,8,Angkutan Umum Integrasi,6M,Stasiun Manggarai - Blok  M,13300
219,2021,8,Angkutan Umum Integrasi,6H,Senen - Lebak Bulus,11982
220,2021,8,Angkutan Umum Integrasi,6C,Stasin Tebet - Karet via Patra Kuningan,48241
221,2021,8,Angkutan Umum Integrasi,5M,Kampung Melayu - Tanah Abang via Cikini,53175
222,2021,8,Angkutan Umum Integrasi,5F,Kampung Melayu - Tanah Abang,9152
223,2021,8,Angkutan Umum Integrasi,5B,Stasiun Tebet - Bidara Cina,3862
224,2021,8,Angkutan Umum Integrasi,4F,Pinang Ranti - Pulo Gadung,22307
225,2021,8,Angkutan Umum Integrasi,4B,Stasiun Manggarai - UI,18891
226,2021,8,Angkutan Umum Integrasi,3E,Sentraland Cengkareng - Puri Kembangan,16416
227,2021,8,Angkutan Umum Integrasi,1R,Senen - Tanah Abang,7866
228,2021,8,Angkutan Umum Integrasi,1Q,Rempoa - Blok M,18185
229,2021,8,Angkutan Umum Integrasi,1P,Senen - Bundaran Senayan,5409
230,2021,8,Angkutan Umum Integrasi,1N,Tanah Abang - Blok M,7796
231,2021,8,Angkutan Umum Integrasi,1M,Meruya - Blok M,15888
232,2021,8,Angkutan Umum Integrasi,1H,Tanah Abang - Stasiun Gondangdia,22581
233,2021,8,Angkutan Umum Integrasi,1F,Stasiun Palmerah - Bundaran Senayan,51375
234,2021,8,Angkutan Umum Integrasi,1E,Pondok  Labu - Blok M,11069
235,2021,8,Angkutan Umum Integrasi,1C,Pesanggrahan - Blok M,16271
236,2021,8,Angkutan Umum Integrasi,1B,Stasiun Palmerah - Tosari,0
237,2021,8,Angkutan Umum Integrasi,1A ,PIK - Balai Kota,35608
238,2021,8,Angkutan Umum Integrasi,12B,Pluit - Senen,5602
239,2021,8,Angkutan Umum Integrasi,11Q,Kampung Melayu - Pulo Gebang via BKT,7829
240,2021,8,Angkutan Umum Integrasi,11D,Pulo Gebang - Pulo Gadung 2 via PIK,40578
241,2021,8,Angkutan Umum Integrasi,10K,Tanjung Priok - Senen via Taman  BMW,29478
242,2021,8,Angkutan Umum Integrasi,GR4,Taman Kota Intan - Museum Bahari,14
243,2021,8,Angkutan Umum Integrasi,GR5,Kota Tua Explorer,8
244,2021,3,Mikrotrans,JAK.88,Terminal Tanjung Priok - Ancol Barat,29550
245,2021,3,Mikrotrans,JAK.85,Bintara - Cipinang Indah,29905
246,2021,3,Mikrotrans,JAK.84,Terminal Kampung Melayu - Kapin Raya,38674
247,2021,3,Mikrotrans,JAK.80,Rawa Buaya - Rawa Kompeni,63082
248,2021,3,Mikrotrans,JA.77,Tanjung Priok - Jembatan Item,67739
249,2021,3,Mikrotrans,JAK.75,Cililitan - Kp. Pulo,53047
250,2021,3,Mikrotrans,JAK.74,Terminal Rawamangun - Cipinang Muara,42207
251,2021,3,Mikrotrans,JAK.73,Jambore Cibubur - Pasar Rebo,78340
252,2021,3,Mikrotrans,JAK.72,Kampung Rambutan - Pasar Rebo via Poncol,91806
253,2021,3,Mikrotrans,JAK.71,Kampung Rambutan - Pinang Ranti,68156
254,2021,3,Mikrotrans,JAK.64,Lenteng Agung - Aseli,46819
255,2021,3,Mikrotrans,JAK.61,Cempaka Putih - Pulo Gadung via Kelapa Gading,41360
256,2021,3,Mikrotrans,JAK.60,Kelapa Gading - Rusun Kemayoran,77402
257,2021,3,Mikrotrans,JAK.59,Rawamangun - Tanah Merah,100686
258,2021,3,Mikrotrans,JAK.58,Cilingcing - Rorotan,97206
259,2021,3,Mikrotrans,JAK.56,Grogol - Srengseng,53886
260,2021,3,Mikrotrans,JAK.54,Grogol - Benhil,32490
261,2021,3,Mikrotrans,JAK.53,Grogol - Pos Pengumben via Slipi,28325
262,2021,3,Mikrotrans,JAK.52,Kalideres - Muara Angke,59280
263,2021,3,Mikrotrans,JAK.51,Taman Kota - Budi Luhur,113243
264,2021,3,Mikrotrans,JAK.50,Kalideres - Puri Kembangan,67363
265,2021,3,Mikrotrans,JAK.49,Lebak Bulus - Cipulir,43954
266,2021,3,Mikrotrans,JAK.47,Pasar Minggu - Ciganjur via KB Ragunan,52411
267,2021,3,Mikrotrans,JAK.46,Pasar Minggu - Jagakarsa,77915
268,2021,3,Mikrotrans,JAK.45,Lebak Bulus - Ragunan,57681
269,2021,3,Mikrotrans,JAK.44,Andara - Stasiun Universitas Pancasila,65591
270,2021,3,Mikrotrans,JAK.43,Tongtek - Cililitan,89649
271,2021,3,Mikrotrans,JAK.42,Kampung Melayu - Pondok Kelapa,64890
272,2021,3,Mikrotrans,JAK.41,Kampung Melayu - Ppulo Gadung,29450
273,2021,3,Mikrotrans,JAK.40,Harapan Baru - Pulo Gebang via Rawa Kuning,46228
274,2021,3,Mikrotrans,JAK.39,Kalimalang - Duren Sawit,65972
275,2021,3,Mikrotrans,JAK.38,Bulak Ringin - Kampung Rambutan,50005
276,2021,3,Mikrotrans,JAK.37,Cililitan - Condet via Kayu Manis,62773
277,2021,3,Mikrotrans,JAK.36,Cilangkap - Cililitan,101015
278,2021,3,Mikrotrans,JAK.35,Pangkalan  Jati - Rawamangun,35034
279,2021,3,Mikrotrans,JAK.34,Rawamangun - Klender,80563
280,2021,3,Mikrotrans,JAK.33,Pulo Gadung - Kota,54740
281,2021,3,Mikrotrans,JAK.32,Lebak Bulus - Petukangan,94096
282,2021,3,Mikrotrans,JAK.31,Blok M - Andara,66327
283,2021,3,Mikrotrans,JAK.30,Grogol - Meruya via Roxy,148435
284,2021,3,Mikrotrans,JAK.29,Tanjung Priok - Sukapura,118492
285,2021,3,Mikrotrans,JAK.28,Kp. Rambutan - Taman Wiladatika,70303
286,2021,3,Mikrotrans,JAK.27,Pulo Gebang - Rorotan,52236
287,2021,3,Mikrotrans,JAK.26,Rawamangun - Duren Sawit,43700
288,2021,3,Mikrotrans,JAK.25,Kp. Rambutan - Kalisari,62854
289,2021,3,Mikrotrans,JAK.24,Senen - Pulo Gadung via Kelapa Gading,78082
290,2021,3,Mikrotrans,JAK.22,Dwikora - Penas Kalimalang,29951
291,2021,3,Mikrotrans,JAK.21,Cililitan - Dwikora,62627
292,2021,3,Mikrotrans,JAK.20,Cawang UKI - Lubang Buaya,68562
293,2021,3,Mikrotrans,"JAK,19",Pinang Ranti - Kampung Rambutan,121838
294,2021,3,Mikrotrans,JAK.18,Kalibata - Kuningan,37386
295,2021,3,Mikrotrans,JAK.17,Senen - Pulo Gadung ,38648
296,2021,3,Mikrotrans,JAK.16,Cililitan - Condet via Kayu Manis,76307
297,2021,3,Mikrotrans,JAK.15,Bulak Turi - Tanjung Priok,133740
298,2021,3,Mikrotrans,JAK.14,Tanah Abang - Meruya,88861
299,2021,3,Mikrotrans,JAK.13,Tanah Abang - Kota Intan via Jembatan Lima,15585
300,2021,3,Mikrotrans,JAK.12,Tanah Abang - Kebayoran Lama via Pos Pengumben,67389
301,2021,3,Mikrotrans,JAK.117,Tanjung Priok - Tanah Merdeka,83110
302,2021,3,Mikrotrans,JAK.112,Terminal Tanah Merah - Pulo Gadung,52125
303,2021,3,Mikrotrans,JAK.11,Tanah Abang - Kebayoran Lama ,73946
304,2021,3,Mikrotrans,JAK.10B,Gondangdia - Cikini via Kramat Raya,2828
305,2021,3,Mikrotrans,JAK.10A,Gondangdia - Cikini via Salemba Raya,16781
306,2021,3,Mikrotrans,JAK.10,Tanah Abang - Kota ,51063
307,2021,3,Mikrotrans,JAK.09,Roxy Mas - Karet,25584
308,2021,3,Mikrotrans,JAK.08,Roxy - Benhil,29530
309,2021,3,Mikrotrans,JAK.07,Tanah Abang - Grogol via Tawakal,46342
310,2021,3,Mikrotrans,JAK.06,Kampung Rambutan - Pondok Gede,82814
311,2021,3,Mikrotrans,JAK.05,Semper - Rorotan,75218
312,2021,3,Mikrotrans,JAK.04,Grogol - Tubagus Angke,52690
313,2021,3,Mikrotrans,JAK.03,Lebak Bulus - Andara,36614
314,2021,3,Mikrotrans,JAK.02,Kampung Melayu - Duren Sawit,52302
315,2021,3,Mikrotrans,JAK.01,Tanjung Priok - Plumpang,67629
316,2021,3,BRT,9,Pinang Ranti - Pluit,756064
317,2021,3,BRT,8,Lebak Bulus - Harmoni,508851
318,2021,3,BRT,7,Kampung Rambutan - Kampung Melayu,453819
319,2021,3,BRT,6,Ragunan - Dukuh Atas 2,405083
320,2021,3,BRT,5,Kampung Melayu - Ancol,494769
321,2021,3,BRT,4,Pulo Gadung 2 - Tosari,277604
322,2021,3,BRT,3,Kalideres - Pasar Baru,534617
323,2021,3,BRT,2,Pulo Gadung 1 - Harmoni,412664
324,2021,3,BRT,13,Ciledug - Tendean,334450
325,2021,3,BRT,12,Penjaringan - Sunter Bouleverd Barat,164012
326,2021,3,BRT,11,Pulo Gebang - Kampung Melayu,166555
327,2021,3,BRT,10,Tanjung Priok - PGC 2,427032
328,2021,3,BRT,1,Blok M - Kota,1013221
329,2021,3,Angkutan Umum Integrasi,9H,Cipedak - Blok M,12674
330,2021,3,Angkutan Umum Integrasi,9E,Kebayoran Lama - Jelambar,13245
331,2021,3,Angkutan Umum Integrasi,9D,Pasar Minggu - Tanah Abang,74555
332,2021,3,Angkutan Umum Integrasi,8K,Batu Sari-Tanah Abang,8570
333,2021,3,Angkutan Umum Integrasi,8E,Bintaro - Blok M,19297
334,2021,3,Angkutan Umum Integrasi,8D,Joglo - Blok M,34009
335,2021,3,Angkutan Umum Integrasi,8C,Kebayoran Lama - Tanah Abang,18192
336,2021,3,Angkutan Umum Integrasi,7P,Pondok Kelapa - BKN,24723
337,2021,3,Angkutan Umum Integrasi,7D,Pancoran - TMII,23286
338,2021,3,Angkutan Umum Integrasi,7B,Kampung Rambutan - Blok M,82559
339,2021,3,Angkutan Umum Integrasi,7A,Kampung Rambutan - Lebak Bulus,49219
340,2021,3,Angkutan Umum Integrasi,6R,Ragunan - Stasin MRT Fatmawati,2157
341,2021,3,Angkutan Umum Integrasi,6N,Ragunan - Blok M via Kemang,13318
342,2021,3,Angkutan Umum Integrasi,6M,Stasiun Manggarai - Blok  M,24251
343,2021,3,Angkutan Umum Integrasi,6H,Senen - Lebak Bulus,18468
344,2021,3,Angkutan Umum Integrasi,6C,Stasin Tebet - Karet via Patra Kuningan,93959
345,2021,3,Angkutan Umum Integrasi,5M,Kampung Melayu - Tanah Abang via Cikini,79666
346,2021,3,Angkutan Umum Integrasi,5F,Kampung Melayu - Tanah Abang,19217
347,2021,3,Angkutan Umum Integrasi,5B,Stasiun Tebet - Bidara Cina,8638
348,2021,3,Angkutan Umum Integrasi,4F,Pinang Ranti - Pulo Gadung,41635
349,2021,3,Angkutan Umum Integrasi,4B,Stasiun Manggarai - UI,40301
350,2021,3,Angkutan Umum Integrasi,3E,Puri Kembangan - Sentraland Cengkareng,23513
351,2021,3,Angkutan Umum Integrasi,2Q,Gondangdia - Balai Kota,8440
352,2021,3,Angkutan Umum Integrasi,2P,Gondangdia - Senen,6130
353,2021,3,Angkutan Umum Integrasi,1R,Senen - Tanah Abang,15225
354,2021,3,Angkutan Umum Integrasi,1Q,Rempoa - Blok M,27200
355,2021,3,Angkutan Umum Integrasi,1P,Senen - Bundaran Senayan,8456
356,2021,3,Angkutan Umum Integrasi,1N,Tanah Abang - Blok M,9235
357,2021,3,Angkutan Umum Integrasi,1M,Meruya - Blok M,25278
358,2021,3,Angkutan Umum Integrasi,1H,Tanah Abang - Stasiun Gondangdia,38768
359,2021,3,Angkutan Umum Integrasi,1F,Stasiun Palmerah - Bundaran Senayan,8308
360,2021,3,Angkutan Umum Integrasi,1E,Pondok  Labu - Blok M,68895
361,2021,3,Angkutan Umum Integrasi,1C,Pesanggrahan - Blok M,14794
362,2021,3,Angkutan Umum Integrasi,1B,Stasiun Palmerah - Tosari,20906
363,2021,3,Angkutan Umum Integrasi,1A,Pantai Maju - Balai Kota,68592
364,2021,3,Angkutan Umum Integrasi,12B,Pluit - Senen,12131
365,2021,3,Angkutan Umum Integrasi,11Q,Kampung Melayu - Pulo Gebang via BKT,10948
366,2021,3,Angkutan Umum Integrasi,11D,Pulo Gebang - Pulo Gadung 2 via PIK,58186
367,2021,3,Angkutan Umum Integrasi,10K,Tanjung Priok - Senen via Taman  BMW,36891
368,2021,6,Mikrotrans,JAK.88,Terminal Tanjung Priok - Ancol Barat,33636
369,2021,6,Mikrotrans,JAK.85,Bintara - Cipinang Indah,30376
370,2021,6,Mikrotrans,JAK.84,Terminal Kampung Melayu - Kapin Raya,43502
371,2021,6,Mikrotrans,JAK.80,Rawa Buaya - Rawa Kompeni,67559
372,2021,6,Mikrotrans,JA.77,Tanjung Priok - Jembatan Item,73193
373,2021,6,Mikrotrans,JAK.75,Cililitan - Kp. Pulo,49284
374,2021,6,Mikrotrans,JAK.74,Terminal Rawamangun - Cipinang Muara,43869
375,2021,6,Mikrotrans,JAK.73,Jambore Cibubur - Pasar Rebo,75138
376,2021,6,Mikrotrans,JAK.72,Kampung Rambutan - Pasar Rebo via Poncol,100305
377,2021,6,Mikrotrans,JAK.71,Kampung Rambutan - Pinang Ranti,63162
378,2021,6,Mikrotrans,JAK.64,Lenteng Agung - Aseli,48331
379,2021,6,Mikrotrans,JAK.61,Cempaka Putih - Pulo Gadung via Kelapa Gading,41219
380,2021,6,Mikrotrans,JAK.60,Kelapa Gading - Rusun Kemayoran,73595
381,2021,6,Mikrotrans,JAK.59,Rawamangun - Tanah Merah,88536
382,2021,6,Mikrotrans,JAK.58,Cilingcing - Rorotan,101903
383,2021,6,Mikrotrans,JAK.56,Grogol - Srengseng,57394
384,2021,6,Mikrotrans,JAK.54,Grogol - Benhil,40997
385,2021,6,Mikrotrans,JAK.53,Grogol - Pos Pengumben via Slipi,39339
386,2021,6,Mikrotrans,JAK.52,Kalideres - Muara Angke,65733
387,2021,6,Mikrotrans,JAK.51,Taman Kota - Budi Luhur,108644
388,2021,6,Mikrotrans,JAK.50,Kalideres - Puri Kembangan,69534
389,2021,6,Mikrotrans,JAK.49,Lebak Bulus - Cipulir,43143
390,2021,6,Mikrotrans,JAK.47,Pasar Minggu - Ciganjur via KB Ragunan,53892
391,2021,6,Mikrotrans,JAK.46,Pasar Minggu - Jagakarsa,82501
392,2021,6,Mikrotrans,JAK.45,Lebak Bulus - Ragunan,57551
393,2021,6,Mikrotrans,JAK.44,Andara - Stasiun Universitas Pancasila,68704
394,2021,6,Mikrotrans,JAK.43,Tongtek - Cililitan,92420
395,2021,6,Mikrotrans,JAK.42,Kampung Melayu - Pondok Kelapa,69476
396,2021,6,Mikrotrans,JAK.41,Kampung Melayu - Ppulo Gadung,40724
397,2021,6,Mikrotrans,JAK.40,Harapan Baru - Pulo Gebang via Rawa Kuning,47087
398,2021,6,Mikrotrans,JAK.39,Kalimalang - Duren Sawit,63562
399,2021,6,Mikrotrans,JAK.38,Bulak Ringin - Kampung Rambutan,54526
400,2021,6,Mikrotrans,JAK.37,Cililitan - Condet via Kayu Manis,56898
401,2021,6,Mikrotrans,JAK.36,Cilangkap - Cililitan,86425
402,2021,6,Mikrotrans,JAK.35,Pangkalan  Jati - Rawamangun,36012
403,2021,6,Mikrotrans,JAK.34,Rawamangun - Klender,75158
404,2021,6,Mikrotrans,JAK.33,Pulo Gadung - Kota,56710
405,2021,6,Mikrotrans,JAK.32,Lebak Bulus - Petukangan,92744
406,2021,6,Mikrotrans,JAK.31,Blok M - Andara,65838
407,2021,6,Mikrotrans,JAK.30,Grogol - Meruya via Roxy,147239
408,2021,6,Mikrotrans,JAK.29,Tanjung Priok - Sukapura,116097
409,2021,6,Mikrotrans,JAK.28,Kp. Rambutan - Taman Wiladatika,67277
410,2021,6,Mikrotrans,JAK.27,Pulo Gebang - Rorotan,49619
411,2021,6,Mikrotrans,JAK.26,Rawamangun - Duren Sawit,42770
412,2021,6,Mikrotrans,JAK.25,Kp. Rambutan - Kalisari,64095
413,2021,6,Mikrotrans,JAK.24,Senen - Pulo Gadung via Kelapa Gading,82803
414,2021,6,Mikrotrans,JAK.22,Dwikora - Penas Kalimalang,34486
415,2021,6,Mikrotrans,JAK.21,Cililitan - Dwikora,63804
416,2021,6,Mikrotrans,JAK.20,Cawang UKI - Lubang Buaya,67727
417,2021,6,Mikrotrans,"JAK,19",Pinang Ranti - Kampung Rambutan,115017
418,2021,6,Mikrotrans,JAK.18,Kalibata - Kuningan,35311
419,2021,6,Mikrotrans,JAK.17,Senen - Pulo Gadung ,42227
420,2021,6,Mikrotrans,JAK.16,Cililitan - Condet via Kayu Manis,76292
421,2021,6,Mikrotrans,JAK.15,Bulak Turi - Tanjung Priok,131981
422,2021,6,Mikrotrans,JAK.14,Tanah Abang - Meruya,89403
423,2021,6,Mikrotrans,JAK.13,Tanah Abang - Kota Intan via Jembatan Lima,18790
424,2021,6,Mikrotrans,JAK.12,Tanah Abang - Kebayoran Lama via Pos Pengumben,70817
425,2021,6,Mikrotrans,JAK.117,Tanjung Priok - Tanah Merdeka,86067
426,2021,6,Mikrotrans,JAK.112,Terminal Tanah Merah - Pulo Gadung,54658
427,2021,6,Mikrotrans,JAK.11,Tanah Abang - Kebayoran Lama ,78127
428,2021,6,Mikrotrans,JAK.10,Tanah Abang - Kota ,50663
429,2021,6,Mikrotrans,JAK.09,Roxy Mas - Karet,23423
430,2021,6,Mikrotrans,JAK.08,Roxy - Benhil,38072
431,2021,6,Mikrotrans,JAK.07,Tanah Abang - Grogol via Tawakal,57293
432,2021,6,Mikrotrans,JAK.06,Kampung Rambutan - Pondok Gede,81073
433,2021,6,Mikrotrans,JAK.05,Semper - Rorotan,77085
434,2021,6,Mikrotrans,JAK.04,Grogol - Tubagus Angke,58619
435,2021,6,Mikrotrans,JAK.03,Lebak Bulus - Andara,36032
436,2021,6,Mikrotrans,JAK.02,Kampung Melayu - Duren Sawit,49639
437,2021,6,Mikrotrans,JAK.01,Ttanjung Priok - Plumpang,62146
438,2021,6,BRT,9,Pinang Ranti - Pluit,692649
439,2021,6,BRT,8,Lebak Bulus - Harmoni,477804
440,2021,6,BRT,7,Kampung Rambutan - Kampung Melayu,405333
441,2021,6,BRT,6,Ragunan - Dukuh Atas 2,371126
442,2021,6,BRT,5,Kampung Melayu - Ancol,453222
443,2021,6,BRT,4,Pulo Ggadung 2 - Tosari,276418
444,2021,6,BRT,3,Kalideres - Pasar Baru,484181
445,2021,6,BRT,2,Pulo Gadung 1 - Harmoni,351897
446,2021,6,BRT,13,Ciledug - Tendean,315765
447,2021,6,BRT,12,Penjaringan - Sunter Bouleverd Barat,148267
448,2021,6,BRT,11,Pulo Gebang - Kampung Melayu,148933
449,2021,6,BRT,10,Tanjung Priok - PGC 2,393998
450,2021,6,BRT,1,Blok M - Kota,899829
451,2021,6,Angkutan Umum Integrasi,9H,Cipedak - Blok M,13557
452,2021,6,Angkutan Umum Integrasi,9E,Kebayoran Lama - Jelambar,11879
453,2021,6,Angkutan Umum Integrasi,9D,Pasar Minggu - Tanah Abang,71780
454,2021,6,Angkutan Umum Integrasi,8K,Batu Sari-Tanah Abang,8238
455,2021,6,Angkutan Umum Integrasi,8E,Bintaro - Blok M,17795
456,2021,6,Angkutan Umum Integrasi,8D,Joglo - Blok M,26030
457,2021,6,Angkutan Umum Integrasi,8C,Kebayoran Lama - Tanah Abang,20094
458,2021,6,Angkutan Umum Integrasi,7P,Pondok Kelapa - BKN,24185
459,2021,6,Angkutan Umum Integrasi,7D,Pancoran - TMII,23775
460,2021,6,Angkutan Umum Integrasi,7B,Kampung Rambutan - Blok M,76133
461,2021,6,Angkutan Umum Integrasi,7A,Kampung Rambutan - Lebak Bulus,64778
462,2021,6,Angkutan Umum Integrasi,6R,Ragunan - Stasin MRT Fatmawati,2135
463,2021,6,Angkutan Umum Integrasi,6N,Ragunan - Blok M via Kemang,24422
464,2021,6,Angkutan Umum Integrasi,6M,Stasiun Manggarai - Blok  M,21967
465,2021,6,Angkutan Umum Integrasi,6H,Senen - Lebak Bulus,17682
466,2021,6,Angkutan Umum Integrasi,6C,Stasin Tebet - Karet via Patra Kuningan,76188
467,2021,6,Angkutan Umum Integrasi,5M,Kampung Melayu - Tanah Abang via Cikini,75577
468,2021,6,Angkutan Umum Integrasi,5F,Kampung Melayu - Tanah Abang,18759
469,2021,6,Angkutan Umum Integrasi,5B,Stasiun Tebet - Bidara Cina,6849
470,2021,6,Angkutan Umum Integrasi,4F,Pinang Ranti - Pulo Gadung,38174
471,2021,6,Angkutan Umum Integrasi,4B,Stasiun Manggarai - UI,37813
472,2021,6,Angkutan Umum Integrasi,3E,Sentraland Cengkareng - Puri Kembangan,23236
473,2021,6,Angkutan Umum Integrasi,1R,Senen - Tanah Abang,12806
474,2021,6,Angkutan Umum Integrasi,1Q,Rempoa - Blok M,26985
475,2021,6,Angkutan Umum Integrasi,1P,Senen - Bundaran Senayan,8474
476,2021,6,Angkutan Umum Integrasi,1N,Tanah Abang - Blok M,9246
477,2021,6,Angkutan Umum Integrasi,1M,Meruya - Blok M,22951
478,2021,6,Angkutan Umum Integrasi,1H,Tanah Abang - Stasiun Gondangdia,39470
479,2021,6,Angkutan Umum Integrasi,1F,Stasiun Palmerah - Bundaran Senayan,6886
480,2021,6,Angkutan Umum Integrasi,1E,Pondok  Labu - Blok M,63772
481,2021,6,Angkutan Umum Integrasi,1C,Pesanggrahan - Blok M,14938
482,2021,6,Angkutan Umum Integrasi,1B,Stasiun Palmerah - Tosari,22033
483,2021,6,Angkutan Umum Integrasi,1A ,PIK - Balai Kota,66928
484,2021,6,Angkutan Umum Integrasi,12B,Pluit - Senen,10761
485,2021,6,Angkutan Umum Integrasi,11Q,Kampung Melayu - Pulo Gebang via BKT,10744
486,2021,6,Angkutan Umum Integrasi,11D,Pulo Gebang - Pulo Gadung 2 via PIK,50089
487,2021,6,Angkutan Umum Integrasi,10K,Tanjung Priok - Senen via Taman  BMW,32798
488,2021,6,Angkutan Umum Integrasi,GR4,Taman Kota Intan - Museum Bahari,1
489,2021,6,Angkutan Umum Integrasi,GR5,Kota Tua Explorer,33
490,2021,1,Mikrotrans,JAK.88,Terminal Tanjung Priok - Ancol Barat,1473
491,2021,1,Mikrotrans,JAK.85,Bintara - Cipinang Indah,20280
492,2021,1,Mikrotrans,JAK.84,Terminal Kampung Melayu - Kapin Raya,28779
493,2021,1,Mikrotrans,JAK.80,Rawa Buaya - Rawa Kompeni,54998
494,2021,1,Mikrotrans,JA.77,Tanjung Priok - Jembatan Item,60284
495,2021,1,Mikrotrans,JAK.75,Cililitan - Kp. Pulo,48220
496,2021,1,Mikrotrans,JAK.74,Terminal Rawamangun - Cipinang Muara,38572
497,2021,1,Mikrotrans,JAK.73,Jambore Cibubur - Pasar Rebo,65087
498,2021,1,Mikrotrans,JAK.72,Kampung Rambutan - Pasar Rebo via Poncol,85416
499,2021,1,Mikrotrans,JAK.71,Kampung Rambutan - Pinang Ranti,62822
500,2021,1,Mikrotrans,JAK.64,Lenteng Agung - Aseli,36802
501,2021,1,Mikrotrans,JAK.61,Cempaka Putih - Pulo Gadung via Kelapa Gading,36899
502,2021,1,Mikrotrans,JAK.60,Kelapa Gading - Rusun Kemayoran,72704
503,2021,1,Mikrotrans,JAK.59,Rawamangun - Tanah Merah,90624
504,2021,1,Mikrotrans,JAK.58,Cilingcing - Rorotan,96030
505,2021,1,Mikrotrans,JAK.56,Grogol - Srengseng,50223
506,2021,1,Mikrotrans,JAK.54,Grogol - Benhil,25049
507,2021,1,Mikrotrans,JAK.53,Grogol - Pos Pengumben via Slipi,20947
508,2021,1,Mikrotrans,JAK.52,Kalideres - Muara Angke,42875
509,2021,1,Mikrotrans,JAK.51,Taman Kota - Budi Luhur,96336
510,2021,1,Mikrotrans,JAK.50,Kalideres - Puri Kembangan,61171
511,2021,1,Mikrotrans,JAK.49,Lebak Bulus - Cipulir,36662
512,2021,1,Mikrotrans,JAK.47,Pasar Minggu - Ciganjur via KB Ragunan,39551
513,2021,1,Mikrotrans,JAK.46,Pasar Minggu - Jagakarsa,59975
514,2021,1,Mikrotrans,JAK.45,Lebak Bulus - Ragunan,47171
515,2021,1,Mikrotrans,JAK.44,Andara - Stasiun Universitas Pancasila,53202
516,2021,1,Mikrotrans,JAK.43,Tongtek - Cililitan,74225
517,2021,1,Mikrotrans,JAK.42,Kampung Melayu - Pondok Kelapa,50456
518,2021,1,Mikrotrans,JAK.41,Kampung Melayu - Ppulo Gadung,21109
519,2021,1,Mikrotrans,JAK.40,Harapan Baru - Pulo Gebang via Rawa Kuning,41797
520,2021,1,Mikrotrans,JAK.39,Kalimalang - Duren Sawit,54414
521,2021,1,Mikrotrans,JAK.38,Bulak Ringin - Kampung Rambutan,43994
522,2021,1,Mikrotrans,JAK.37,Cililitan - Condet via Kayu Manis,46026
523,2021,1,Mikrotrans,JAK.36,Cilangkap - Cililitan,87842
524,2021,1,Mikrotrans,JAK.35,Pangkalan  Jati - Rawamangun,29321
525,2021,1,Mikrotrans,JAK.34,Rawamangun - Klender,68848
526,2021,1,Mikrotrans,JAK.33,Pulo Gadung - Kota,46531
527,2021,1,Mikrotrans,JAK.32,Lebak Bulus - Petukangan,83768
528,2021,1,Mikrotrans,JAK.31,Blok M - Andara,55577
529,2021,1,Mikrotrans,JAK.30,Grogol - Meruya via Roxy,128066
530,2021,1,Mikrotrans,JAK.29,Tanjung Priok - Sukapura,105832
531,2021,1,Mikrotrans,JAK.28,Kp. Rambutan - Taman Wiladatika,63490
532,2021,1,Mikrotrans,JAK.27,Pulo Gebang - Rorotan,47626
533,2021,1,Mikrotrans,JAK.26,Rawamangun - Duren Sawit,36715
534,2021,1,Mikrotrans,JAK.25,Kp. Rambutan - Kalisari,56614
535,2021,1,Mikrotrans,JAK.24,Senen - Pulo Gadung via Kelapa Gading,68914
536,2021,1,Mikrotrans,JAK.22,Dwikora - Penas Kalimalang,26467
537,2021,1,Mikrotrans,JAK.21,Cililitan - Dwikora,56815
538,2021,1,Mikrotrans,JAK.20,Cawang UKI - Lubang Buaya,59451
539,2021,1,Mikrotrans,"JAK,19",Pinang Ranti - Kampung Rambutan,103680
540,2021,1,Mikrotrans,JAK.18,Kalibata - Kuningan,29032
541,2021,1,Mikrotrans,JAK.17,Senen - Pulo Gadung ,33859
542,2021,1,Mikrotrans,JAK.16,Cililitan - Condet via Kayu Manis,55944
543,2021,1,Mikrotrans,JAK.15,Bulak Turi - Tanjung Priok,118715
544,2021,1,Mikrotrans,JAK.14,Tanah Abang - Meruya,74084
545,2021,1,Mikrotrans,JAK.13,Tanah Abang - Kota Intan via Jembatan Lima,14490
546,2021,1,Mikrotrans,JAK.12,Tanah Abang - Kebayoran Lama via Pos Pengumben,65016
547,2021,1,Mikrotrans,JAK.117,Tanjung Priok - Tanah Merdeka,67367
548,2021,1,Mikrotrans,JAK.112,Terminal Tanah Merah - Pulo Gadung,52710
549,2021,1,Mikrotrans,JAK.11,Tanah Abang - Kebayoran Lama ,72135
550,2021,1,Mikrotrans,JAK.10,Tanah Abang - Kota ,48001
551,2021,1,Mikrotrans,JAK.09,Roxy Mas - Karet,19924
552,2021,1,Mikrotrans,JAK.08,Roxy - Benhil,22289
553,2021,1,Mikrotrans,JAK.07,Tanah Abang - Grogol via Tawakal,41856
554,2021,1,Mikrotrans,JAK.06,Kampung Rambutan - Pondok Gede,73456
555,2021,1,Mikrotrans,JAK.05,Semper - Rorotan,68172
556,2021,1,Mikrotrans,JAK.04,Grogol - Tubagus Angke,45679
557,2021,1,Mikrotrans,JAK.03,Lebak Bulus - Andara,31712
558,2021,1,Mikrotrans,JAK.02,Kampung Melayu - Duren Sawit,44415
559,2021,1,Mikrotrans,JAK.01,Ttanjung Priok - Plumpang,56172
560,2021,1,BRT,9,Pinang Ranti - Pluit,622613
561,2021,1,BRT,8,Lebak Bulus - Harmoni,419996
562,2021,1,BRT,7,Kampung Rambutan - Kampung Melayu,377657
563,2021,1,BRT,6,Ragunan - Dukuh Atas 2,320411
564,2021,1,BRT,5,Kampung Melayu - Ancol,400573
565,2021,1,BRT,4,Pulo Ggadung 2 - Tosari,249575
566,2021,1,BRT,3,Kalideres - Pasar Baru,444971
567,2021,1,BRT,2,Pulo Gadung 1 - Harmoni,323751
568,2021,1,BRT,13,Ciledug - Tendean,266290
569,2021,1,BRT,12,Penjaringan - Sunter Bouleverd Barat,137793
570,2021,1,BRT,11,Pulo Gebang - Kampung Melayu,134632
571,2021,1,BRT,10,Tanjung Priok - PGC 2,356211
572,2021,1,BRT,1,Blok M - Kota,773717
573,2021,1,Angkutan Umum Integrasi,GR5,Kota Tua Explorer,261
574,2021,1,Angkutan Umum Integrasi,GR4,Taman Kota Intan - Museum Bahari,76
575,2021,1,Angkutan Umum Integrasi,9E,Kebayoran Lama - Jelambar,15039
576,2021,1,Angkutan Umum Integrasi,9D,Pasar Minggu - Tanah Abang,75918
577,2021,1,Angkutan Umum Integrasi,8K,Batu Sari-Tanah Abang,6867
578,2021,1,Angkutan Umum Integrasi,8E,Bintaro - Blok M,21336
579,2021,1,Angkutan Umum Integrasi,8D,Joglo - Blok M,38523
580,2021,1,Angkutan Umum Integrasi,8C,Kebayoran Lama - Tanah Abang,13021
581,2021,1,Angkutan Umum Integrasi,7P,Pondok Kelapa - BKN,27248
582,2021,1,Angkutan Umum Integrasi,7D,Pancoran - TMII,17464
583,2021,1,Angkutan Umum Integrasi,7B,Kampung Rambutan - Blok M,87284
584,2021,1,Angkutan Umum Integrasi,7A,Kampung Rambutan - Lebak Bulus,47005
585,2021,1,Angkutan Umum Integrasi,6R,Ragunan - Stasin MRT Fatmawati,1780
586,2021,1,Angkutan Umum Integrasi,6M,Stasiun Manggarai - Blok  M,25781
587,2021,1,Angkutan Umum Integrasi,6H,Senen - Lebak Bulus,15742
588,2021,1,Angkutan Umum Integrasi,6C,Stasin Tebet - Karet via Patra Kuningan,94200
589,2021,1,Angkutan Umum Integrasi,5M,Kampung Melayu - Tanah Abang via Cikini,87492
590,2021,1,Angkutan Umum Integrasi,5F,Kampung Melayu - Tanah Abang,18094
591,2021,1,Angkutan Umum Integrasi,5B,Stasiun Tebet - Bidara Cina,8008
592,2021,1,Angkutan Umum Integrasi,4F,Pinang Ranti - Pulo Gadung,39562
593,2021,1,Angkutan Umum Integrasi,4B,Stasiun Manggarai - UI,31546
594,2021,1,Angkutan Umum Integrasi,3E,Puri Kembangan - Sentraland Cengkareng,24385
595,2021,1,Angkutan Umum Integrasi,1R,Senen - Tanah Abang,13518
596,2021,1,Angkutan Umum Integrasi,1Q,Rempoa - Blok M,29449
597,2021,1,Angkutan Umum Integrasi,1P,Senen - Bundaran Senayan,8793
598,2021,1,Angkutan Umum Integrasi,1N,Tanah Abang - Blok M,9987
599,2021,1,Angkutan Umum Integrasi,1M,Meruya - Blok M,29169
600,2021,1,Angkutan Umum Integrasi,1H,Tanah Abang - Stasiun Gondangdia,45597
601,2021,1,Angkutan Umum Integrasi,1F,Stasiun Palmerah - Bundaran Senayan,6090
602,2021,1,Angkutan Umum Integrasi,1E,Pondok  Labu - Blok M,76707
603,2021,1,Angkutan Umum Integrasi,1C,Pesanggrahan - Blok M,18502
604,2021,1,Angkutan Umum Integrasi,1B,Stasiun Palmerah - Tosari,24996
605,2021,1,Angkutan Umum Integrasi,1A,Pantai Maju - Balai Kota,62721
606,2021,1,Angkutan Umum Integrasi,12B,Pluit - Senen,9506
607,2021,1,Angkutan Umum Integrasi,11Q,Kampung Melayu - Pulo Gebang via BKT,9436
608,2021,1,Angkutan Umum Integrasi,11D,Pulo Gebang - Pulo Gadung 2 via PIK,61434
609,2021,1,Angkutan Umum Integrasi,10K,Tanjung Priok - Senen via Taman  BMW,41881
610,2021,5,Mikrotrans,JAK.88,Terminal Tanjung Priok - Ancol Barat,29592
611,2021,5,Mikrotrans,JAK.85,Bintara - Cipinang Indah,28069
612,2021,5,Mikrotrans,JAK.84,Terminal Kampung Melayu - Kapin Raya,40355
613,2021,5,Mikrotrans,JAK.80,Rawa Buaya - Rawa Kompeni,66030
614,2021,5,Mikrotrans,JA.77,Tanjung Priok - Jembatan Item,62948
615,2021,5,Mikrotrans,JAK.75,Cililitan - Kp. Pulo,46434
616,2021,5,Mikrotrans,JAK.74,Terminal Rawamangun - Cipinang Muara,43117
617,2021,5,Mikrotrans,JAK.73,Jambore Cibubur - Pasar Rebo,74041
618,2021,5,Mikrotrans,JAK.72,Kampung Rambutan - Pasar Rebo via Poncol,98840
619,2021,5,Mikrotrans,JAK.71,Kampung Rambutan - Pinang Ranti,63711
620,2021,5,Mikrotrans,JAK.64,Lenteng Agung - Aseli,44437
621,2021,5,Mikrotrans,JAK.61,Cempaka Putih - Pulo Gadung via Kelapa Gading,37132
622,2021,5,Mikrotrans,JAK.60,Kelapa Gading - Rusun Kemayoran,70382
623,2021,5,Mikrotrans,JAK.59,Rawamangun - Tanah Merah,88187
624,2021,5,Mikrotrans,JAK.58,Cilingcing - Rorotan,96611
625,2021,5,Mikrotrans,JAK.56,Grogol - Srengseng,52740
626,2021,5,Mikrotrans,JAK.54,Grogol - Benhil,39288
627,2021,5,Mikrotrans,JAK.53,Grogol - Pos Pengumben via Slipi,35808
628,2021,5,Mikrotrans,JAK.52,Kalideres - Muara Angke,57570
629,2021,5,Mikrotrans,JAK.51,Taman Kota - Budi Luhur,97315
630,2021,5,Mikrotrans,JAK.50,Kalideres - Puri Kembangan,67209
631,2021,5,Mikrotrans,JAK.49,Lebak Bulus - Cipulir,42656
632,2021,5,Mikrotrans,JAK.47,Pasar Minggu - Ciganjur via KB Ragunan,52794
633,2021,5,Mikrotrans,JAK.46,Pasar Minggu - Jagakarsa,82255
634,2021,5,Mikrotrans,JAK.45,Lebak Bulus - Ragunan,56396
635,2021,5,Mikrotrans,JAK.44,Andara - Stasiun Universitas Pancasila,64791
636,2021,5,Mikrotrans,JAK.43,Tongtek - Cililitan,91303
637,2021,5,Mikrotrans,JAK.42,Kampung Melayu - Pondok Kelapa,67202
638,2021,5,Mikrotrans,JAK.41,Kampung Melayu - Ppulo Gadung,39978
639,2021,5,Mikrotrans,JAK.40,Harapan Baru - Pulo Gebang via Rawa Kuning,44007
640,2021,5,Mikrotrans,JAK.39,Kalimalang - Duren Sawit,64356
641,2021,5,Mikrotrans,JAK.38,Bulak Ringin - Kampung Rambutan,51306
642,2021,5,Mikrotrans,JAK.37,Cililitan - Condet via Kayu Manis,58115
643,2021,5,Mikrotrans,JAK.36,Cilangkap - Cililitan,90157
644,2021,5,Mikrotrans,JAK.35,Pangkalan  Jati - Rawamangun,34739
645,2021,5,Mikrotrans,JAK.34,Rawamangun - Klender,79082
646,2021,5,Mikrotrans,JAK.33,Pulo Gadung - Kota,48601
647,2021,5,Mikrotrans,JAK.32,Lebak Bulus - Petukangan,88819
648,2021,5,Mikrotrans,JAK.31,Blok M - Andara,63954
649,2021,5,Mikrotrans,JAK.30,Grogol - Meruya via Roxy,136430
650,2021,5,Mikrotrans,JAK.29,Tanjung Priok - Sukapura,108161
651,2021,5,Mikrotrans,JAK.28,Kp. Rambutan - Taman Wiladatika,67506
652,2021,5,Mikrotrans,JAK.27,Pulo Gebang - Rorotan,47707
653,2021,5,Mikrotrans,JAK.26,Rawamangun - Duren Sawit,43724
654,2021,5,Mikrotrans,JAK.25,Kp. Rambutan - Kalisari,62075
655,2021,5,Mikrotrans,JAK.24,Senen - Pulo Gadung via Kelapa Gading,73953
656,2021,5,Mikrotrans,JAK.22,Dwikora - Penas Kalimalang,32690
657,2021,5,Mikrotrans,JAK.21,Cililitan - Dwikora,61989
658,2021,5,Mikrotrans,JAK.20,Cawang UKI - Lubang Buaya,64374
659,2021,5,Mikrotrans,"JAK,19",Pinang Ranti - Kampung Rambutan,115780
660,2021,5,Mikrotrans,JAK.18,Kalibata - Kuningan,35873
661,2021,5,Mikrotrans,JAK.17,Senen - Pulo Gadung ,39786
662,2021,5,Mikrotrans,JAK.16,Cililitan - Condet via Kayu Manis,71832
663,2021,5,Mikrotrans,JAK.15,Bulak Turi - Tanjung Priok,129203
664,2021,5,Mikrotrans,JAK.14,Tanah Abang - Meruya,83600
665,2021,5,Mikrotrans,JAK.13,Tanah Abang - Kota Intan via Jembatan Lima,17058
666,2021,5,Mikrotrans,JAK.12,Tanah Abang - Kebayoran Lama via Pos Pengumben,65327
667,2021,5,Mikrotrans,JAK.117,Tanjung Priok - Tanah Merdeka,85211
668,2021,5,Mikrotrans,JAK.112,Terminal Tanah Merah - Pulo Gadung,49628
669,2021,5,Mikrotrans,JAK.11,Tanah Abang - Kebayoran Lama ,69701
670,2021,5,Mikrotrans,JAK.10,Tanah Abang - Kota ,49104
671,2021,5,Mikrotrans,JAK.09,Roxy Mas - Karet,19727
672,2021,5,Mikrotrans,JAK.08,Roxy - Benhil,29436
673,2021,5,Mikrotrans,JAK.07,Tanah Abang - Grogol via Tawakal,49450
674,2021,5,Mikrotrans,JAK.06,Kampung Rambutan - Pondok Gede,82681
675,2021,5,Mikrotrans,JAK.05,Semper - Rorotan,72159
676,2021,5,Mikrotrans,JAK.04,Grogol - Tubagus Angke,51092
677,2021,5,Mikrotrans,JAK.03,Lebak Bulus - Andara,34997
678,2021,5,Mikrotrans,JAK.02,Kampung Melayu - Duren Sawit,51453
679,2021,5,Mikrotrans,JAK.01,Tanjung Priok - Plumpang,62646
680,2021,5,BRT,9,Pinang Ranti - Pluit,663201
681,2021,5,BRT,8,Lebak Bulus - Harmoni,480392
682,2021,5,BRT,7,Kampung Rambutan - Kampung Melayu,416381
683,2021,5,BRT,6,Ragunan - Dukuh Atas 2,351285
684,2021,5,BRT,5,Kampung Melayu - Ancol,469390
685,2021,5,BRT,4,Pulo Gadung 2 - Tosari,269533
686,2021,5,BRT,3,Kalideres - Pasar Baru,496285
687,2021,5,BRT,2,Pulo Gadung 1 - Harmoni,358525
688,2021,5,BRT,13,Ciledug - Tendean,323662
689,2021,5,BRT,12,Penjaringan - Sunter Bouleverd Barat,138371
690,2021,5,BRT,11,Pulo Gebang - Kampung Melayu,154256
691,2021,5,BRT,10,Tanjung Priok - PGC 2,396760
692,2021,5,BRT,1,Blok M - Kota,937452
693,2021,5,Angkutan Umum Integrasi,9H,Cipedak - Blok M,10968
694,2021,5,Angkutan Umum Integrasi,9E,Kebayoran Lama - Jelambar,10808
695,2021,5,Angkutan Umum Integrasi,9D,Pasar Minggu - Tanah Abang,72275
696,2021,5,Angkutan Umum Integrasi,8K,Batu Sari-Tanah Abang,6416
697,2021,5,Angkutan Umum Integrasi,8E,Bintaro - Blok M,18780
698,2021,5,Angkutan Umum Integrasi,8D,Joglo - Blok M,27926
699,2021,5,Angkutan Umum Integrasi,8C,Kebayoran Lama - Tanah Abang,17630
700,2021,5,Angkutan Umum Integrasi,7P,Pondok Kelapa - BKN,22375
701,2021,5,Angkutan Umum Integrasi,7D,Pancoran - TMII,22748
702,2021,5,Angkutan Umum Integrasi,7B,Kampung Rambutan - Blok M,74042
703,2021,5,Angkutan Umum Integrasi,7A,Kampung Rambutan - Lebak Bulus,59239
704,2021,5,Angkutan Umum Integrasi,6R,Ragunan - Stasin MRT Fatmawati,1955
705,2021,5,Angkutan Umum Integrasi,6N,Ragunan - Blok M via Kemang,23488
706,2021,5,Angkutan Umum Integrasi,6M,Stasiun Manggarai - Blok  M,19834
707,2021,5,Angkutan Umum Integrasi,6H,Senen - Lebak Bulus,14432
708,2021,5,Angkutan Umum Integrasi,6F,Stasiun Manggarai - Ragunan,377
709,2021,5,Angkutan Umum Integrasi,6C,Stasin Tebet - Karet via Patra Kuningan,71930
710,2021,5,Angkutan Umum Integrasi,5M,Kampung Melayu - Tanah Abang via Cikini,72543
711,2021,5,Angkutan Umum Integrasi,5F,Kampung Melayu - Tanah Abang,16819
712,2021,5,Angkutan Umum Integrasi,5B,Stasiun Tebet - Bidara Cina,6123
713,2021,5,Angkutan Umum Integrasi,4F,Pinang Ranti - Pulo Gadung,30816
714,2021,5,Angkutan Umum Integrasi,4B,Stasiun Manggarai - UI,31316
715,2021,5,Angkutan Umum Integrasi,3E,Sentraland Cengkareng - Puri Kembangan,22119
716,2021,5,Angkutan Umum Integrasi,1R,Senen - Tanah Abang,25213
717,2021,5,Angkutan Umum Integrasi,1Q,Rempoa - Blok M,25213
718,2021,5,Angkutan Umum Integrasi,1P,Senen - Bundaran Senayan,5854
719,2021,5,Angkutan Umum Integrasi,1N,Tanah Abang - Blok M,6932
720,2021,5,Angkutan Umum Integrasi,1M,Meruya - Blok M,23297
721,2021,5,Angkutan Umum Integrasi,1H,Tanah Abang - Stasiun Gondangdia,30212
722,2021,5,Angkutan Umum Integrasi,1F,Stasiun Palmerah - Bundaran Senayan,6395
723,2021,5,Angkutan Umum Integrasi,1E,Pondok  Labu - Blok M,60908
724,2021,5,Angkutan Umum Integrasi,1C,Pesanggrahan - Blok M,16327
725,2021,5,Angkutan Umum Integrasi,1B,Stasiun Palmerah - Tosari,18874
726,2021,5,Angkutan Umum Integrasi,1A ,PIK - Balai Kota,62524
727,2021,5,Angkutan Umum Integrasi,12B,Pluit - Senen,9408
728,2021,5,Angkutan Umum Integrasi,11Q,Kampung Melayu - Pulo Gebang via BKT,8906
729,2021,5,Angkutan Umum Integrasi,11D,Pulo Gebang - Pulo Gadung 2 via PIK,51102
730,2021,5,Angkutan Umum Integrasi,10K,Tanjung Priok - Senen via Taman  BMW,31667
731,2021,5,Angkutan Umum Integrasi,GR2,Tanah Abang Explorer,3945
732,2021,5,Angkutan Umum Integrasi,GR3,Ragunan - Departemen Pertanian,1386
733,2021,5,Angkutan Umum Integrasi,GR4,Taman Kota Intan - Museum Bahari,17
734,2021,5,Angkutan Umum Integrasi,GR5,Kota Tua Explorer,24
735,2021,12,Mikrotrans,JAK.88,Terminal Tanjung Priok - Ancol Barat,43967
736,2021,12,Mikrotrans,JAK.85,Bintara - Cipinang Indah,40103
737,2021,12,Mikrotrans,JAK.84,Terminal Kampung Melayu - Kapin Raya,59193
738,2021,12,Mikrotrans,JAK.80,Rawa Buaya - Rawa Kompeni,70475
739,2021,12,Mikrotrans,JAK.77,Tanjung Priok - Jembatan Item,77697
740,2021,12,Mikrotrans,JAK.75,Cililitan - Kp. Pulo,62086
741,2021,12,Mikrotrans,JAK.74,Terminal Rawamangun - Cipinang Muara,58622
742,2021,12,Mikrotrans,JAK.73,Jambore Cibubur - Pasar Rebo,86917
743,2021,12,Mikrotrans,JAK.72,Kampung Rambutan - Pasar Rebo via Poncol,104712
744,2021,12,Mikrotrans,JAK.71,Kampung Rambutan - Pinang Ranti,69365
745,2021,12,Mikrotrans,JAK.64,Lenteng Agung - Aseli,66235
746,2021,12,Mikrotrans,JAK.61,Cempaka Putih - Pulo Gadung via Kelapa Gading,47929
747,2021,12,Mikrotrans,JAK.60,Kelapa Gading - Rusun Kemayoran,70382
748,2021,12,Mikrotrans,JAK.59,Rawamangun - Tanah Merah,81467
749,2021,12,Mikrotrans,JAK.58,Cilingcing - Rorotan,114592
750,2021,12,Mikrotrans,JAK.56,Grogol - Srengseng,60415
751,2021,12,Mikrotrans,JAK.54,Grogol - Benhil,57178
752,2021,12,Mikrotrans,JAK.53,Grogol - Pos Pengumben via Slipi,68275
753,2021,12,Mikrotrans,JAK.52,Kalideres - Muara Angke,86276
754,2021,12,Mikrotrans,JAK.51,Taman Kota - Budi Luhur,124003
755,2021,12,Mikrotrans,JAK.50,Kalideres - Puri Kembangan,79329
756,2021,12,Mikrotrans,JAK.49,Lebak Bulus - Cipulir,53972
757,2021,12,Mikrotrans,JAK.47,Pasar Minggu - Ciganjur via KB Ragunan,68695
758,2021,12,Mikrotrans,JAK.46,Pasar Minggu - Jagakarsa,109328
759,2021,12,Mikrotrans,JAK.45,Lebak Bulus - Ragunan,59932
760,2021,12,Mikrotrans,JAK.44,Andara - Stasiun Universitas Pancasila,82948
761,2021,12,Mikrotrans,JAK.43,Tongtek - Cililitan,104353
762,2021,12,Mikrotrans,JAK.42,Kampung Melayu - Pondok Kelapa,95485
763,2021,12,Mikrotrans,JAK.41,Kampung Melayu - Ppulo Gadung,57059
764,2021,12,Mikrotrans,JAK.40,Harapan Baru - Pulo Gebang via Rawa Kuning,49918
765,2021,12,Mikrotrans,JAK.39,Kalimalang - Duren Sawit,75170
766,2021,12,Mikrotrans,JAK.38,Bulak Ringin - Kampung Rambutan,56049
767,2021,12,Mikrotrans,JAK.37,Cililitan - Condet via Kayu Manis,71809
768,2021,12,Mikrotrans,JAK.36,Cilangkap - Cililitan,88277
769,2021,12,Mikrotrans,JAK.35,Pangkalan  Jati - Rawamangun,37850
770,2021,12,Mikrotrans,JAK.34,Rawamangun - Klender,75763
771,2021,12,Mikrotrans,JAK.33,Pulo Gadung - Kota,64986
772,2021,12,Mikrotrans,JAK.32,Lebak Bulus - Petukangan,96339
773,2021,12,Mikrotrans,JAK.31,Blok M - Andara,80726
774,2021,12,Mikrotrans,JAK.30,Grogol - Meruya via Roxy,167782
775,2021,12,Mikrotrans,JAK.29,Tanjung Priok - Sukapura,146329
776,2021,12,Mikrotrans,JAK.28,Kp. Rambutan - Taman Wiladatika,81435
777,2021,12,Mikrotrans,JAK.27,Pulo Gebang - Rorotan,65717
778,2021,12,Mikrotrans,JAK.26,Rawamangun - Duren Sawit,51285
779,2021,12,Mikrotrans,JAK.25,Kp. Rambutan - Kalisari,64243
780,2021,12,Mikrotrans,JAK.24,Senen - Pulo Gadung via Kelapa Gading,101816
781,2021,12,Mikrotrans,JAK.22,Dwikora - Penas Kalimalang,22786
782,2021,12,Mikrotrans,JAK.21,Cililitan - Dwikora,76970
783,2021,12,Mikrotrans,JAK.20,Cawang UKI - Lubang Buaya,62477
784,2021,12,Mikrotrans,"JAK,19",Pinang Ranti - Kampung Rambutan,110771
785,2021,12,Mikrotrans,JAK.18,Kalibata - Kuningan,43349
786,2021,12,Mikrotrans,JAK.17,Senen - Pulo Gadung ,62285
787,2021,12,Mikrotrans,JAK.16,Cililitan - Condet via Kayu Manis,90254
788,2021,12,Mikrotrans,JAK.15,Bulak Turi - Tanjung Priok,152585
789,2021,12,Mikrotrans,JAK.14,Tanah Abang - Meruya,125777
790,2021,12,Mikrotrans,JAK.13,Tanah Abang - Kota Intan via Jembatan Lima,24193
791,2021,12,Mikrotrans,JAK.12,Tanah Abang - Kebayoran Lama via Pos Pengumben,78580
792,2021,12,Mikrotrans,JAK.117,Tanjung Priok - Tanah Merdeka,106506
793,2021,12,Mikrotrans,JAK.112,Terminal Tanah Merah - Pulo Gadung,70986
794,2021,12,Mikrotrans,JAK.11,Tanah Abang - Kebayoran Lama ,87568
797,2021,12,Mikrotrans,JAK.10,Tanah Abang - Kota ,62581
798,2021,12,Mikrotrans,JAK.09,Roxy Mas - Karet,33555
799,2021,12,Mikrotrans,JAK.08,Roxy - Benhil,50409
800,2021,12,Mikrotrans,JAK.07,Tanah Abang - Grogol via Tawakal,69904
801,2021,12,Mikrotrans,JAK.06,Kampung Rambutan - Pondok Gede,70907
802,2021,12,Mikrotrans,JAK.05,Semper - Rorotan,74100
803,2021,12,Mikrotrans,JAK.04,Grogol - Tubagus Angke,57870
804,2021,12,Mikrotrans,JAK.03,Lebak Bulus - Andara,43991
805,2021,12,Mikrotrans,JAK.02,Kampung Melayu - Duren Sawit,59985
806,2021,12,Mikrotrans,JAK.01,Tanjung Priok - Plumpang,75915
807,2021,12,BRT,9,Pinang Ranti - Pluit,819178
808,2021,12,BRT,8,Lebak Bulus - Harmoni,533221
809,2021,12,BRT,7,Kampung Rambutan - Kampung Melayu,402368
810,2021,12,BRT,6,Ragunan - Dukuh Atas 2,401232
811,2021,12,BRT,5,Kampung Melayu - Ancol,513138
812,2021,12,BRT,4,Pulo Gadung 2 - Tosari,319411
813,2021,12,BRT,3,Kalideres - Pasar Baru,465124
814,2021,12,BRT,2,Pulo Gadung 1 - Harmoni,380760
815,2021,12,BRT,13,Ciledug - Tendean,337233
816,2021,12,BRT,12,Penjaringan - Sunter Bouleverd Barat,167399
817,2021,12,BRT,11,Pulo Gebang - Kampung Melayu,163776
818,2021,12,BRT,10,Tanjung Priok - PGC 2,419198
819,2021,12,BRT,1,Blok M - Kota,1131439
820,2021,12,Angkutan Umum Integrasi,9H,Cipedak - Blok M,0
821,2021,12,Angkutan Umum Integrasi,9E,Kebayoran Lama - Jelambar,0
822,2021,12,Angkutan Umum Integrasi,9D,Pasar Minggu - Tanah Abang,0
823,2021,12,Angkutan Umum Integrasi,8K,Batu Sari-Tanah Abang,0
824,2021,12,Angkutan Umum Integrasi,8E,Bintaro - Blok M,0
825,2021,12,Angkutan Umum Integrasi,8D,Joglo - Blok M,0
826,2021,12,Angkutan Umum Integrasi,8C,Kebayoran Lama - Tanah Abang,0
827,2021,12,Angkutan Umum Integrasi,7P,Pondok Kelapa - BKN,0
828,2021,12,Angkutan Umum Integrasi,7D,Pancoran - TMII,0
829,2021,12,Angkutan Umum Integrasi,7B,Kampung Rambutan - Blok M,0
830,2021,12,Angkutan Umum Integrasi,7A,Kampung Rambutan - Lebak Bulus,0
831,2021,12,Angkutan Umum Integrasi,6R,Ragunan - Stasin MRT Fatmawati,0
832,2021,12,Angkutan Umum Integrasi,6N,Ragunan - Blok M via Kemang,0
833,2021,12,Angkutan Umum Integrasi,6M,Stasiun Manggarai - Blok  M,0
834,2021,12,Angkutan Umum Integrasi,6H,Senen - Lebak Bulus,8
835,2021,12,Angkutan Umum Integrasi,6C,Stasin Tebet - Karet via Patra Kuningan,0
836,2021,12,Angkutan Umum Integrasi,5M,Kampung Melayu - Tanah Abang via Cikini,0
837,2021,12,Angkutan Umum Integrasi,5F,Kampung Melayu - Tanah Abang,0
838,2021,12,Angkutan Umum Integrasi,5B,Stasiun Tebet - Bidara Cina,0
839,2021,12,Angkutan Umum Integrasi,4F,Pinang Ranti - Pulo Gadung,0
840,2021,12,Angkutan Umum Integrasi,4B,Stasiun Manggarai - UI,0
841,2021,12,Angkutan Umum Integrasi,3E,Sentraland Cengkareng - Puri Kembangan,0
842,2021,12,Angkutan Umum Integrasi,1R,Senen - Tanah Abang,176
843,2021,12,Angkutan Umum Integrasi,1Q,Rempoa - Blok M,0
844,2021,12,Angkutan Umum Integrasi,1P,Senen - Bundaran Senayan,0
845,2021,12,Angkutan Umum Integrasi,1N,Tanah Abang - Blok M,0
846,2021,12,Angkutan Umum Integrasi,1M,Meruya - Blok M,0
847,2021,12,Angkutan Umum Integrasi,1H,Tanah Abang - Stasiun Gondangdia,0
848,2021,12,Angkutan Umum Integrasi,1F,Stasiun Palmerah - Bundaran Senayan,0
849,2021,12,Angkutan Umum Integrasi,1E,Pondok  Labu - Blok M,0
850,2021,12,Angkutan Umum Integrasi,1C,Pesanggrahan - Blok M,0
851,2021,12,Angkutan Umum Integrasi,1B,Stasiun Palmerah - Tosari,0
852,2021,12,Angkutan Umum Integrasi,1A,PIK - Balai Kota,0
853,2021,12,Angkutan Umum Integrasi,12B,Pluit - Senen,0
854,2021,12,Angkutan Umum Integrasi,11Q,Kampung Melayu - Pulo Gebang via BKT,0
855,2021,12,Angkutan Umum Integrasi,11D,Pulo Gebang - Pulo Gadung 2 via PIK,0
856,2021,12,Angkutan Umum Integrasi,10K,Tanjung Priok - Senen via Taman  BMW,0
857,2021,9,Mikrotrans,JAK.88,Terminal Tanjung Priok - Ancol Barat,21569
858,2021,9,Mikrotrans,JAK.85,Bintara - Cipinang Indah,23109
859,2021,9,Mikrotrans,JAK.84,Terminal Kampung Melayu - Kapin Raya,36842
860,2021,9,Mikrotrans,JAK.80,Rawa Buaya - Rawa Kompeni,46648
861,2021,9,Mikrotrans,JA.77,Tanjung Priok - Jembatan Item,48302
862,2021,9,Mikrotrans,JAK.75,Cililitan - Kp. Pulo,35365
863,2021,9,Mikrotrans,JAK.74,Terminal Rawamangun - Cipinang Muara,30072
864,2021,9,Mikrotrans,JAK.73,Jambore Cibubur - Pasar Rebo,59539
865,2021,9,Mikrotrans,JAK.72,Kampung Rambutan - Pasar Rebo via Poncol,64779
866,2021,9,Mikrotrans,JAK.71,Kampung Rambutan - Pinang Ranti,48561
867,2021,9,Mikrotrans,JAK.64,Lenteng Agung - Aseli,40201
868,2021,9,Mikrotrans,JAK.61,Cempaka Putih - Pulo Gadung via Kelapa Gading,25171
869,2021,9,Mikrotrans,JAK.60,Kelapa Gading - Rusun Kemayoran,52090
870,2021,9,Mikrotrans,JAK.59,Rawamangun - Tanah Merah,49257
871,2021,9,Mikrotrans,JAK.58,Cilingcing - Rorotan,71733
872,2021,9,Mikrotrans,JAK.56,Grogol - Srengseng,34100
873,2021,9,Mikrotrans,JAK.54,Grogol - Benhil,33008
874,2021,9,Mikrotrans,JAK.53,Grogol - Pos Pengumben via Slipi,33250
875,2021,9,Mikrotrans,JAK.52,Kalideres - Muara Angke,53897
876,2021,9,Mikrotrans,JAK.51,Taman Kota - Budi Luhur,77687
877,2021,9,Mikrotrans,JAK.50,Kalideres - Puri Kembangan,50104
878,2021,9,Mikrotrans,JAK.49,Lebak Bulus - Cipulir,33207
879,2021,9,Mikrotrans,JAK.47,Pasar Minggu - Ciganjur via KB Ragunan,32568
880,2021,9,Mikrotrans,JAK.46,Pasar Minggu - Jagakarsa,60542
881,2021,9,Mikrotrans,JAK.45,Lebak Bulus - Ragunan,38024
882,2021,9,Mikrotrans,JAK.44,Andara - Stasiun Universitas Pancasila,50060
883,2021,9,Mikrotrans,JAK.43,Tongtek - Cililitan,69032
884,2021,9,Mikrotrans,JAK.42,Kampung Melayu - Pondok Kelapa,51065
885,2021,9,Mikrotrans,JAK.41,Kampung Melayu - Pulo Gadung,33668
886,2021,9,Mikrotrans,JAK.40,Harapan Baru - Pulo Gebang via Rawa Kuning,26059
887,2021,9,Mikrotrans,JAK.39,Kalimalang - Duren Sawit,48378
888,2021,9,Mikrotrans,JAK.38,Bulak Ringin - Kampung Rambutan,34714
889,2021,9,Mikrotrans,JAK.37,Cililitan - Condet via Kayu Manis,43800
890,2021,9,Mikrotrans,JAK.36,Cilangkap - Cililitan,49923
891,2021,9,Mikrotrans,JAK.35,Pangkalan  Jati - Rawamangun,26455
892,2021,9,Mikrotrans,JAK.34,Rawamangun - Klender,50790
893,2021,9,Mikrotrans,JAK.33,Pulo Gadung - Kota,38197
894,2021,9,Mikrotrans,JAK.32,Lebak Bulus - Petukangan,59259
895,2021,9,Mikrotrans,JAK.31,Blok M - Andara,46546
896,2021,9,Mikrotrans,JAK.30,Grogol - Meruya via Roxy,103286
897,2021,9,Mikrotrans,JAK.29,Tanjung Priok - Sukapura,82109
898,2021,9,Mikrotrans,JAK.28,Kp. Rambutan - Taman Wiladatika,44851
899,2021,9,Mikrotrans,JAK.27,Pulo Gebang - Rorotan,28362
900,2021,9,Mikrotrans,JAK.26,Rawamangun - Duren Sawit,29082
901,2021,9,Mikrotrans,JAK.25,Kp. Rambutan - Kalisari,38117
902,2021,9,Mikrotrans,JAK.24,Senen - Pulo Gadung via Kelapa Gading,55622
903,2021,9,Mikrotrans,JAK.22,Dwikora - Penas Kalimalang,18294
904,2021,9,Mikrotrans,JAK.21,Cililitan - Dwikora,60358
905,2021,9,Mikrotrans,JAK.20,Cawang UKI - Lubang Buaya,43086
906,2021,9,Mikrotrans,"JAK,19",Pinang Ranti - Kampung Rambutan,80525
907,2021,9,Mikrotrans,JAK.18,Kalibata - Kuningan,22686
908,2021,9,Mikrotrans,JAK.17,Senen - Pulo Gadung ,32948
909,2021,9,Mikrotrans,JAK.16,Cililitan - Condet via Kayu Manis,55189
910,2021,9,Mikrotrans,JAK.15,Bulak Turi - Tanjung Priok,88818
911,2021,9,Mikrotrans,JAK.14,Tanah Abang - Meruya,54146
912,2021,9,Mikrotrans,JAK.13,Tanah Abang - Kota Intan via Jembatan Lima,13942
913,2021,9,Mikrotrans,JAK.12,Tanah Abang - Kebayoran Lama via Pos Pengumben,47757
914,2021,9,Mikrotrans,JAK.117,Tanjung Priok - Tanah Merdeka,65450
915,2021,9,Mikrotrans,JAK.112,Terminal Tanah Merah - Pulo Gadung,42918
916,2021,9,Mikrotrans,JAK.11,Tanah Abang - Kebayoran Lama ,55623
917,2021,9,Mikrotrans,JAK.10,Tanah Abang - Kota ,39097
918,2021,9,Mikrotrans,JAK.09,Roxy Mas - Karet,20117
919,2021,9,Mikrotrans,JAK.08,Roxy - Benhil,31482
920,2021,9,Mikrotrans,JAK.07,Tanah Abang - Grogol via Tawakal,40234
921,2021,9,Mikrotrans,JAK.06,Kampung Rambutan - Pondok Gede,47876
922,2021,9,Mikrotrans,JAK.05,Semper - Rorotan,49580
923,2021,9,Mikrotrans,JAK.04,Grogol - Tubagus Angke,39425
924,2021,9,Mikrotrans,JAK.03,Lebak Bulus - Andara,29480
925,2021,9,Mikrotrans,JAK.02,Kampung Melayu - Duren Sawit,33996
926,2021,9,Mikrotrans,JAK.01,Tanjung Priok - Plumpang,50127
927,2021,9,BRT,9,Pinang Ranti - Pluit,576669
928,2021,9,BRT,8,Lebak Bulus - Harmoni,374777
929,2021,9,BRT,7,Kampung Rambutan - Kampung Melayu,320701
930,2021,9,BRT,6,Ragunan - Dukuh Atas 2,294430
931,2021,9,BRT,5,Kampung Melayu - Ancol,357909
932,2021,9,BRT,4,Pulo Gadung 2 - Tosari,225026
933,2021,9,BRT,3,Kalideres - Pasar Baru,398693
934,2021,9,BRT,2,Pulo Gadung 1 - Harmoni,277799
935,2021,9,BRT,13,Ciledug - Tendean,254820
936,2021,9,BRT,12,Penjaringan - Sunter Bouleverd Barat,121086
937,2021,9,BRT,11,Pulo Gebang - Kampung Melayu,116020
938,2021,9,BRT,10,Tanjung Priok - PGC 2,315308
939,2021,9,BRT,1,Blok M - Kota,735653
940,2021,9,Angkutan Umum Integrasi,9H,Cipedak - Blok M,15763
941,2021,9,Angkutan Umum Integrasi,9E,Kebayoran Lama - Jelambar,15640
942,2021,9,Angkutan Umum Integrasi,9D,Pasar Minggu - Tanah Abang,70179
943,2021,9,Angkutan Umum Integrasi,8K,Batu Sari-Tanah Abang,8898
944,2021,9,Angkutan Umum Integrasi,8E,Bintaro - Blok M,16354
945,2021,9,Angkutan Umum Integrasi,8D,Joglo - Blok M,21647
946,2021,9,Angkutan Umum Integrasi,8C,Kebayoran Lama - Tanah Abang,0
947,2021,9,Angkutan Umum Integrasi,7P,Pondok Kelapa - BKN,22113
948,2021,9,Angkutan Umum Integrasi,7D,Pancoran - TMII,17735
949,2021,9,Angkutan Umum Integrasi,7B,Kampung Rambutan - Blok M,63312
950,2021,9,Angkutan Umum Integrasi,7A,Kampung Rambutan - Lebak Bulus,65877
951,2021,9,Angkutan Umum Integrasi,6R,Ragunan - Stasin MRT Fatmawati,0
952,2021,9,Angkutan Umum Integrasi,6N,Ragunan - Blok M via Kemang,21774
953,2021,9,Angkutan Umum Integrasi,6M,Stasiun Manggarai - Blok  M,18302
954,2021,9,Angkutan Umum Integrasi,6H,Senen - Lebak Bulus,18253
955,2021,9,Angkutan Umum Integrasi,6C,Stasin Tebet - Karet via Patra Kuningan,79500
956,2021,9,Angkutan Umum Integrasi,5M,Kampung Melayu - Tanah Abang via Cikini,69464
957,2021,9,Angkutan Umum Integrasi,5F,Kampung Melayu - Tanah Abang,13037
958,2021,9,Angkutan Umum Integrasi,5B,Stasiun Tebet - Bidara Cina,6075
959,2021,9,Angkutan Umum Integrasi,4F,Pinang Ranti - Pulo Gadung,33478
960,2021,9,Angkutan Umum Integrasi,4B,Stasiun Manggarai - UI,29193
961,2021,9,Angkutan Umum Integrasi,3E,Sentraland Cengkareng - Puri Kembangan,22173
962,2021,9,Angkutan Umum Integrasi,1R,Senen - Tanah Abang,11913
963,2021,9,Angkutan Umum Integrasi,1Q,Rempoa - Blok M,22527
964,2021,9,Angkutan Umum Integrasi,1P,Senen - Bundaran Senayan,7611
965,2021,9,Angkutan Umum Integrasi,1N,Tanah Abang - Blok M,12148
966,2021,9,Angkutan Umum Integrasi,1M,Meruya - Blok M,18366
967,2021,9,Angkutan Umum Integrasi,1H,Tanah Abang - Stasiun Gondangdia,32607
968,2021,9,Angkutan Umum Integrasi,1F,Stasiun Palmerah - Bundaran Senayan,0
969,2021,9,Angkutan Umum Integrasi,1E,Pondok  Labu - Blok M,65276
970,2021,9,Angkutan Umum Integrasi,1C,Pesanggrahan - Blok M,12038
971,2021,9,Angkutan Umum Integrasi,1B,Stasiun Palmerah - Tosari,25509
972,2021,9,Angkutan Umum Integrasi,1A ,PIK - Balai Kota,54065
973,2021,9,Angkutan Umum Integrasi,12B,Pluit - Senen,8145
974,2021,9,Angkutan Umum Integrasi,11Q,Kampung Melayu - Pulo Gebang via BKT,9875
975,2021,9,Angkutan Umum Integrasi,11D,Pulo Gebang - Pulo Gadung 2 via PIK,48895
976,2021,9,Angkutan Umum Integrasi,10K,Tanjung Priok - Senen via Taman  BMW,32614
977,2021,9,Angkutan Umum Integrasi,GR4,Taman Kota Intan - Museum Bahari,91
978,2021,9,Angkutan Umum Integrasi,GR5,Kota Tua Explorer,15
979,2021,2,Mikrotrans,JAK.88,Terminal Tanjung Priok - Ancol Barat,21344
980,2021,2,Mikrotrans,JAK.85,Bintara - Cipinang Indah,20729
981,2021,2,Mikrotrans,JAK.84,Terminal Kampung Melayu - Kapin Raya,31200
982,2021,2,Mikrotrans,JAK.80,Rawa Buaya - Rawa Kompeni,54914
983,2021,2,Mikrotrans,JA.77,Tanjung Priok - Jembatan Item,56920
984,2021,2,Mikrotrans,JAK.75,Cililitan - Kp. Pulo,43997
985,2021,2,Mikrotrans,JAK.74,Terminal Rawamangun - Cipinang Muara,35356
986,2021,2,Mikrotrans,JAK.73,Jambore Cibubur - Pasar Rebo,63940
987,2021,2,Mikrotrans,JAK.72,Kampung Rambutan - Pasar Rebo via Poncol,77250
988,2021,2,Mikrotrans,JAK.71,Kampung Rambutan - Pinang Ranti,57426
989,2021,2,Mikrotrans,JAK.64,Lenteng Agung - Aseli,37219
990,2021,2,Mikrotrans,JAK.61,Cempaka Putih - Pulo Gadung via Kelapa Gading,33443
991,2021,2,Mikrotrans,JAK.60,Kelapa Gading - Rusun Kemayoran,65846
992,2021,2,Mikrotrans,JAK.59,Rawamangun - Tanah Merah,87721
993,2021,2,Mikrotrans,JAK.58,Cilingcing - Rorotan,87437
994,2021,2,Mikrotrans,JAK.56,Grogol - Srengseng,46279
995,2021,2,Mikrotrans,JAK.54,Grogol - Benhil,26980
996,2021,2,Mikrotrans,JAK.53,Grogol - Pos Pengumben via Slipi,22227
997,2021,2,Mikrotrans,JAK.52,Kalideres - Muara Angke,43364
998,2021,2,Mikrotrans,JAK.51,Taman Kota - Budi Luhur,92464
999,2021,2,Mikrotrans,JAK.50,Kalideres - Puri Kembangan,51921
1000,2021,2,Mikrotrans,JAK.49,Lebak Bulus - Cipulir,35460
1001,2021,2,Mikrotrans,JAK.47,Pasar Minggu - Ciganjur via KB Ragunan,40570
1002,2021,2,Mikrotrans,JAK.46,Pasar Minggu - Jagakarsa,57219
1003,2021,2,Mikrotrans,JAK.45,Lebak Bulus - Ragunan,44618
1004,2021,2,Mikrotrans,JAK.44,Andara - Stasiun Universitas Pancasila,52459
1005,2021,2,Mikrotrans,JAK.43,Tongtek - Cililitan,77215
1006,2021,2,Mikrotrans,JAK.42,Kampung Melayu - Pondok Kelapa,52244
1007,2021,2,Mikrotrans,JAK.41,Kampung Melayu - Ppulo Gadung,22924
1008,2021,2,Mikrotrans,JAK.40,Harapan Baru - Pulo Gebang via Rawa Kuning,39204
1009,2021,2,Mikrotrans,JAK.39,Kalimalang - Duren Sawit,54632
1010,2021,2,Mikrotrans,JAK.38,Bulak Ringin - Kampung Rambutan,40927
1011,2021,2,Mikrotrans,JAK.37,Cililitan - Condet via Kayu Manis,48742
1012,2021,2,Mikrotrans,JAK.36,Cilangkap - Cililitan,83344
1013,2021,2,Mikrotrans,JAK.35,Pangkalan  Jati - Rawamangun,29146
1014,2021,2,Mikrotrans,JAK.34,Rawamangun - Klender,68017
1015,2021,2,Mikrotrans,JAK.33,Pulo Gadung - Kota,47276
1016,2021,2,Mikrotrans,JAK.32,Lebak Bulus - Petukangan,78829
1017,2021,2,Mikrotrans,JAK.31,Blok M - Andara,54602
1018,2021,2,Mikrotrans,JAK.30,Grogol - Meruya via Roxy,124641
1019,2021,2,Mikrotrans,JAK.29,Tanjung Priok - Sukapura,99914
1020,2021,2,Mikrotrans,JAK.28,Kp. Rambutan - Taman Wiladatika,59697
1021,2021,2,Mikrotrans,JAK.27,Pulo Gebang - Rorotan,43461
1022,2021,2,Mikrotrans,JAK.26,Rawamangun - Duren Sawit,36157
1023,2021,2,Mikrotrans,JAK.25,Kp. Rambutan - Kalisari,54166
1024,2021,2,Mikrotrans,JAK.24,Senen - Pulo Gadung via Kelapa Gading,66373
1025,2021,2,Mikrotrans,JAK.22,Dwikora - Penas Kalimalang,23633
1026,2021,2,Mikrotrans,JAK.21,Cililitan - Dwikora,50183
1027,2021,2,Mikrotrans,JAK.20,Cawang UKI - Lubang Buaya,56309
1028,2021,2,Mikrotrans,"JAK,19",Pinang Ranti - Kampung Rambutan,100915
1029,2021,2,Mikrotrans,JAK.18,Kalibata - Kuningan,29065
1030,2021,2,Mikrotrans,JAK.17,Senen - Pulo Gadung ,31054
1031,2021,2,Mikrotrans,JAK.16,Cililitan - Condet via Kayu Manis,55253
1032,2021,2,Mikrotrans,JAK.15,Bulak Turi - Tanjung Priok,117930
1033,2021,2,Mikrotrans,JAK.14,Tanah Abang - Meruya,73311
1034,2021,2,Mikrotrans,JAK.13,Tanah Abang - Kota Intan via Jembatan Lima,13596
1035,2021,2,Mikrotrans,JAK.12,Tanah Abang - Kebayoran Lama via Pos Pengumben,60234
1036,2021,2,Mikrotrans,JAK.117,Tanjung Priok - Tanah Merdeka,69530
1037,2021,2,Mikrotrans,JAK.112,Terminal Tanah Merah - Pulo Gadung,45547
1038,2021,2,Mikrotrans,JAK.11,Tanah Abang - Kebayoran Lama ,65085
1039,2021,2,Mikrotrans,JAK.10,Tanah Abang - Kota ,41754
1040,2021,2,Mikrotrans,JAK.09,Roxy Mas - Karet,21417
1041,2021,2,Mikrotrans,JAK.08,Roxy - Benhil,23941
1042,2021,2,Mikrotrans,JAK.07,Tanah Abang - Grogol via Tawakal,40099
1043,2021,2,Mikrotrans,JAK.06,Kampung Rambutan - Pondok Gede,68724
1044,2021,2,Mikrotrans,JAK.05,Semper - Rorotan,65797
1045,2021,2,Mikrotrans,JAK.04,Grogol - Tubagus Angke,45396
1046,2021,2,Mikrotrans,JAK.03,Lebak Bulus - Andara,29697
1047,2021,2,Mikrotrans,JAK.02,Kampung Melayu - Duren Sawit,43512
1048,2021,2,Mikrotrans,JAK.01,Tanjung Priok - Plumpang,56501
1049,2021,2,BRT,9,Pinang Ranti - Pluit,611856
1050,2021,2,BRT,8,Lebak Bulus - Harmoni,414326
1051,2021,2,BRT,7,Kampung Rambutan - Kampung Melayu,370317
1052,2021,2,BRT,6,Ragunan - Dukuh Atas 2,316703
1053,2021,2,BRT,5,Kampung Melayu - Ancol,397019
1054,2021,2,BRT,4,Pulo Ggadung 2 - Tosari,250418
1055,2021,2,BRT,3,Kalideres - Pasar Baru,436078
1056,2021,2,BRT,2,Pulo Gadung 1 - Harmoni,312708
1057,2021,2,BRT,13,Ciledug - Tendean,265717
1058,2021,2,BRT,12,Penjaringan - Sunter Bouleverd Barat,134609
1059,2021,2,BRT,11,Pulo Gebang - Kampung Melayu,134665
1060,2021,2,BRT,10,Tanjung Priok - PGC 2,349572
1061,2021,2,BRT,1,Blok M - Kota,799708
1062,2021,2,Angkutan Umum Integrasi,9H,Cipedak - Blok M,5936
1063,2021,2,Angkutan Umum Integrasi,9E,Kebayoran Lama - Jelambar,11469
1064,2021,2,Angkutan Umum Integrasi,9D,Pasar Minggu - Tanah Abang,59242
1065,2021,2,Angkutan Umum Integrasi,8K,Batu Sari-Tanah Abang,6629
1066,2021,2,Angkutan Umum Integrasi,8E,Bintaro - Blok M,15555
1067,2021,2,Angkutan Umum Integrasi,8D,Joglo - Blok M,28516
1068,2021,2,Angkutan Umum Integrasi,8C,Kebayoran Lama - Tanah Abang,11525
1069,2021,2,Angkutan Umum Integrasi,7P,Pondok Kelapa - BKN,19590
1070,2021,2,Angkutan Umum Integrasi,7D,Pancoran - TMII,17270
1071,2021,2,Angkutan Umum Integrasi,7B,Kampung Rambutan - Blok M,68351
1072,2021,2,Angkutan Umum Integrasi,7A,Kampung Rambutan - Lebak Bulus,36101
1073,2021,2,Angkutan Umum Integrasi,6R,Ragunan - Stasin MRT Fatmawati,2497
1074,2021,2,Angkutan Umum Integrasi,6M,Stasiun Manggarai - Blok  M,21277
1075,2021,2,Angkutan Umum Integrasi,6H,Senen - Lebak Bulus,14490
1076,2021,2,Angkutan Umum Integrasi,6C,Stasin Tebet - Karet via Patra Kuningan,71799
1077,2021,2,Angkutan Umum Integrasi,5M,Kampung Melayu - Tanah Abang via Cikini,60005
1078,2021,2,Angkutan Umum Integrasi,5F,Kampung Melayu - Tanah Abang,15393
1079,2021,2,Angkutan Umum Integrasi,5B,Stasiun Tebet - Bidara Cina,6618
1080,2021,2,Angkutan Umum Integrasi,4F,Pinang Ranti - Pulo Gadung,32019
1081,2021,2,Angkutan Umum Integrasi,4B,Stasiun Manggarai - UI,28783
1082,2021,2,Angkutan Umum Integrasi,3E,Puri Kembangan - Sentraland Cengkareng,17495
1083,2021,2,Angkutan Umum Integrasi,1R,Senen - Tanah Abang,10560
1084,2021,2,Angkutan Umum Integrasi,1Q,Rempoa - Blok M,21239
1085,2021,2,Angkutan Umum Integrasi,1P,Senen - Bundaran Senayan,5649
1086,2021,2,Angkutan Umum Integrasi,1N,Tanah Abang - Blok M,7434
1087,2021,2,Angkutan Umum Integrasi,1M,Meruya - Blok M,19950
1088,2021,2,Angkutan Umum Integrasi,1H,Tanah Abang - Stasiun Gondangdia,34160
1089,2021,2,Angkutan Umum Integrasi,1F,Stasiun Palmerah - Bundaran Senayan,4965
1090,2021,2,Angkutan Umum Integrasi,1E,Pondok  Labu - Blok M,57726
1091,2021,2,Angkutan Umum Integrasi,1C,Pesanggrahan - Blok M,12977
1092,2021,2,Angkutan Umum Integrasi,1B,Stasiun Palmerah - Tosari,17157
1093,2021,2,Angkutan Umum Integrasi,1A,Pantai Maju - Balai Kota,50669
1094,2021,2,Angkutan Umum Integrasi,12B,Pluit - Senen,9096
1095,2021,2,Angkutan Umum Integrasi,11Q,Kampung Melayu - Pulo Gebang via BKT,8493
1096,2021,2,Angkutan Umum Integrasi,11D,Pulo Gebang - Pulo Gadung 2 via PIK,47628
1097,2021,2,Angkutan Umum Integrasi,10K,Tanjung Priok - Senen via Taman  BMW,31243
1098,2021,7,Mikrotrans,JAK.88,Terminal Tanjung Priok - Ancol Barat,27538
1099,2021,7,Mikrotrans,JAK.85,Bintara - Cipinang Indah,25470
1100,2021,7,Mikrotrans,JAK.84,Terminal Kampung Melayu - Kapin Raya,40086
1101,2021,7,Mikrotrans,JAK.80,Rawa Buaya - Rawa Kompeni,60821
1102,2021,7,Mikrotrans,JA.77,Tanjung Priok - Jembatan Item,60267
1103,2021,7,Mikrotrans,JAK.75,Cililitan - Kp. Pulo,42919
1104,2021,7,Mikrotrans,JAK.74,Terminal Rawamangun - Cipinang Muara,39415
1105,2021,7,Mikrotrans,JAK.73,Jambore Cibubur - Pasar Rebo,61657
1106,2021,7,Mikrotrans,JAK.72,Kampung Rambutan - Pasar Rebo via Poncol,86419
1107,2021,7,Mikrotrans,JAK.71,Kampung Rambutan - Pinang Ranti,61194
1108,2021,7,Mikrotrans,JAK.64,Lenteng Agung - Aseli,35142
1109,2021,7,Mikrotrans,JAK.61,Cempaka Putih - Pulo Gadung via Kelapa Gading,29397
1110,2021,7,Mikrotrans,JAK.60,Kelapa Gading - Rusun Kemayoran,51455
1111,2021,7,Mikrotrans,JAK.59,Rawamangun - Tanah Merah,68926
1112,2021,7,Mikrotrans,JAK.58,Cilingcing - Rorotan,84804
1113,2021,7,Mikrotrans,JAK.56,Grogol - Srengseng,50173
1114,2021,7,Mikrotrans,JAK.54,Grogol - Benhil,35059
1115,2021,7,Mikrotrans,JAK.53,Grogol - Pos Pengumben via Slipi,35322
1116,2021,7,Mikrotrans,JAK.52,Kalideres - Muara Angke,55626
1117,2021,7,Mikrotrans,JAK.51,Taman Kota - Budi Luhur,90388
1118,2021,7,Mikrotrans,JAK.50,Kalideres - Puri Kembangan,59756
1119,2021,7,Mikrotrans,JAK.49,Lebak Bulus - Cipulir,35304
1120,2021,7,Mikrotrans,JAK.47,Pasar Minggu - Ciganjur via KB Ragunan,42179
1121,2021,7,Mikrotrans,JAK.46,Pasar Minggu - Jagakarsa,70972
1122,2021,7,Mikrotrans,JAK.45,Lebak Bulus - Ragunan,42681
1123,2021,7,Mikrotrans,JAK.44,Andara - Stasiun Universitas Pancasila,53677
1124,2021,7,Mikrotrans,JAK.43,Tongtek - Cililitan,69302
1125,2021,7,Mikrotrans,JAK.42,Kampung Melayu - Pondok Kelapa,59935
1126,2021,7,Mikrotrans,JAK.41,Kampung Melayu - Ppulo Gadung,39265
1127,2021,7,Mikrotrans,JAK.40,Harapan Baru - Pulo Gebang via Rawa Kuning,39761
1128,2021,7,Mikrotrans,JAK.39,Kalimalang - Duren Sawit,50834
1129,2021,7,Mikrotrans,JAK.38,Bulak Ringin - Kampung Rambutan,41201
1130,2021,7,Mikrotrans,JAK.37,Cililitan - Condet via Kayu Manis,43598
1131,2021,7,Mikrotrans,JAK.36,Cilangkap - Cililitan,59082
1132,2021,7,Mikrotrans,JAK.35,Pangkalan  Jati - Rawamangun,33239
1133,2021,7,Mikrotrans,JAK.34,Rawamangun - Klender,66981
1134,2021,7,Mikrotrans,JAK.33,Pulo Gadung - Kota,53882
1135,2021,7,Mikrotrans,JAK.32,Lebak Bulus - Petukangan,65877
1136,2021,7,Mikrotrans,JAK.31,Blok M - Andara,47265
1137,2021,7,Mikrotrans,JAK.30,Grogol - Meruya via Roxy,115750
1138,2021,7,Mikrotrans,JAK.29,Tanjung Priok - Sukapura,102252
1139,2021,7,Mikrotrans,JAK.28,Kp. Rambutan - Taman Wiladatika,60833
1140,2021,7,Mikrotrans,JAK.27,Pulo Gebang - Rorotan,45238
1141,2021,7,Mikrotrans,JAK.26,Rawamangun - Duren Sawit,34525
1142,2021,7,Mikrotrans,JAK.25,Kp. Rambutan - Kalisari,51709
1143,2021,7,Mikrotrans,JAK.24,Senen - Pulo Gadung via Kelapa Gading,67255
1144,2021,7,Mikrotrans,JAK.22,Dwikora - Penas Kalimalang,22151
1145,2021,7,Mikrotrans,JAK.21,Cililitan - Dwikora,50079
1146,2021,7,Mikrotrans,JAK.20,Cawang UKI - Lubang Buaya,54167
1147,2021,7,Mikrotrans,"JAK,19",Pinang Ranti - Kampung Rambutan,89642
1148,2021,7,Mikrotrans,JAK.18,Kalibata - Kuningan,27976
1149,2021,7,Mikrotrans,JAK.17,Senen - Pulo Gadung ,40998
1150,2021,7,Mikrotrans,JAK.16,Cililitan - Condet via Kayu Manis,67962
1151,2021,7,Mikrotrans,JAK.15,Bulak Turi - Tanjung Priok,107567
1152,2021,7,Mikrotrans,JAK.14,Tanah Abang - Meruya,68627
1153,2021,7,Mikrotrans,JAK.13,Tanah Abang - Kota Intan via Jembatan Lima,16554
1154,2021,7,Mikrotrans,JAK.12,Tanah Abang - Kebayoran Lama via Pos Pengumben,62106
1155,2021,7,Mikrotrans,JAK.117,Tanjung Priok - Tanah Merdeka,75944
1156,2021,7,Mikrotrans,JAK.112,Terminal Tanah Merah - Pulo Gadung,47747
1157,2021,7,Mikrotrans,JAK.11,Tanah Abang - Kebayoran Lama ,64412
1158,2021,7,Mikrotrans,JAK. 10B,Gondangdia - Cikini via Kramat Jaya,3136
1159,2021,7,Mikrotrans,JAK.10A,Gondangdia - Cikini via Salemba Raya,19060
1160,2021,7,Mikrotrans,JAK.10,Tanah Abang - Kota ,40221
1161,2021,7,Mikrotrans,JAK.09,Roxy Mas - Karet,16921
1162,2021,7,Mikrotrans,JAK.08,Roxy - Benhil,24959
1163,2021,7,Mikrotrans,JAK.07,Tanah Abang - Grogol via Tawakal,41852
1164,2021,7,Mikrotrans,JAK.06,Kampung Rambutan - Pondok Gede,63751
1165,2021,7,Mikrotrans,JAK.05,Semper - Rorotan,61720
1166,2021,7,Mikrotrans,JAK.04,Grogol - Tubagus Angke,52237
1167,2021,7,Mikrotrans,JAK.03,Lebak Bulus - Andara,28719
1168,2021,7,Mikrotrans,JAK.02,Kampung Melayu - Duren Sawit,41284
1169,2021,7,Mikrotrans,JAK.01,Tanjung Priok - Plumpang,53303
1170,2021,7,BRT,9,Pinang Ranti - Pluit,326712
1171,2021,7,BRT,8,Lebak Bulus - Harmoni,194713
1172,2021,7,BRT,7,Kampung Rambutan - Kampung Melayu,174682
1173,2021,7,BRT,6,Ragunan - Dukuh Atas 2,157941
1174,2021,7,BRT,5,Kampung Melayu - Ancol,181565
1175,2021,7,BRT,4,Pulo Gadung 2 - Tosari,118923
1176,2021,7,BRT,3,Kalideres - Pasar Baru,205148
1177,2021,7,BRT,2,Pulo Gadung 1 - Harmoni,143327
1178,2021,7,BRT,13,Ciledug - Tendean,124158
1179,2021,7,BRT,12,Penjaringan - Sunter Bouleverd Barat,62403
1180,2021,7,BRT,11,Pulo Gebang - Kampung Melayu,62391
1181,2021,7,BRT,10,Tanjung Priok - PGC 2,175900
1182,2021,7,BRT,1,Blok M - Kota,344528
1183,2021,7,Angkutan Umum Integrasi,9H,Cipedak - Blok M,9158
1184,2021,7,Angkutan Umum Integrasi,9E,Kebayoran Lama - Jelambar,7914
1185,2021,7,Angkutan Umum Integrasi,9D,Pasar Minggu - Tanah Abang,41267
1186,2021,7,Angkutan Umum Integrasi,8K,Batu Sari-Tanah Abang,3406
1187,2021,7,Angkutan Umum Integrasi,8E,Bintaro - Blok M,8853
1188,2021,7,Angkutan Umum Integrasi,8D,Joglo - Blok M,13387
1189,2021,7,Angkutan Umum Integrasi,8C,Kebayoran Lama - Tanah Abang,1186
1190,2021,7,Angkutan Umum Integrasi,7P,Pondok Kelapa - BKN,10617
1191,2021,7,Angkutan Umum Integrasi,7D,Pancoran - TMII,9570
1192,2021,7,Angkutan Umum Integrasi,7B,Kampung Rambutan - Blok M,38429
1193,2021,7,Angkutan Umum Integrasi,7A,Kampung Rambutan - Lebak Bulus,36224
1194,2021,7,Angkutan Umum Integrasi,6R,Ragunan - Stasin MRT Fatmawati,1026
1195,2021,7,Angkutan Umum Integrasi,6N,Ragunan - Blok M via Kemang,12623
1196,2021,7,Angkutan Umum Integrasi,6M,Stasiun Manggarai - Blok  M,10908
1197,2021,7,Angkutan Umum Integrasi,6H,Senen - Lebak Bulus,8552
1198,2021,7,Angkutan Umum Integrasi,6C,Stasin Tebet - Karet via Patra Kuningan,42384
1199,2021,7,Angkutan Umum Integrasi,5M,Kampung Melayu - Tanah Abang via Cikini,38167
1200,2021,7,Angkutan Umum Integrasi,5F,Kampung Melayu - Tanah Abang,6465
1201,2021,7,Angkutan Umum Integrasi,5B,Stasiun Tebet - Bidara Cina,3603
1202,2021,7,Angkutan Umum Integrasi,4F,Pinang Ranti - Pulo Gadung,20815
1203,2021,7,Angkutan Umum Integrasi,4B,Stasiun Manggarai - UI,15182
1204,2021,7,Angkutan Umum Integrasi,3E ,Sentraland Cengkareng - Puri Kembangan,12046
1205,2021,7,Angkutan Umum Integrasi,2Q,Gondangdia - Balai Kota,4465
1206,2021,7,Angkutan Umum Integrasi,2P,Gondangdia - Senen,2029
1207,2021,7,Angkutan Umum Integrasi,1R,Senen - Tanah Abang,6022
1208,2021,7,Angkutan Umum Integrasi,1Q,Rempoa - Blok M,14727
1209,2021,7,Angkutan Umum Integrasi,1P,Senen - Bundaran Senayan,4484
1210,2021,7,Angkutan Umum Integrasi,1N,Tanah Abang - Blok M,4405
1211,2021,7,Angkutan Umum Integrasi,1M,Meruya - Blok M,12145
1212,2021,7,Angkutan Umum Integrasi,1H,Tanah Abang - Stasiun Gondangdia,18340
1213,2021,7,Angkutan Umum Integrasi,1F,Stasiun Palmerah - Bundaran Senayan,1802
1214,2021,7,Angkutan Umum Integrasi,1E,Pondok  Labu - Blok M,36585
1215,2021,7,Angkutan Umum Integrasi,1C,Pesanggrahan - Blok M,7862
1216,2021,7,Angkutan Umum Integrasi,1B,Stasiun Palmerah - Tosari,10688
1217,2021,7,Angkutan Umum Integrasi,1A,PIK - Balai Kota,29960
1218,2021,7,Angkutan Umum Integrasi,12B,Pluit - Senen,4641
1219,2021,7,Angkutan Umum Integrasi,11Q,Kampung Melayu - Pulo Gebang via BKT,6363
1220,2021,7,Angkutan Umum Integrasi,11D,Pulo Gebang - Pulo Gadung 2 via PIK,33801
1221,2021,7,Angkutan Umum Integrasi,10K,Tanjung Priok - Senen via Taman  BMW,23069
1222,2021,7,Angkutan Umum Integrasi,GR4,Taman Kota Intan - Museum Bahari,7
1223,2021,7,Angkutan Umum Integrasi,GR5,Kota Tua Explorer,11
1224,2021,4,Mikrotrans,JAK.88,Terminal Tanjung Priok - Ancol Barat,31791
1225,2021,4,Mikrotrans,JAK.85,Bintara - Cipinang Indah,26835
1226,2021,4,Mikrotrans,JAK.84,Terminal Kampung Melayu - Kapin Raya,40223
1227,2021,4,Mikrotrans,JAK.80,Rawa Buaya - Rawa Kompeni,64948
1228,2021,4,Mikrotrans,JA.77,Tanjung Priok - Jembatan Item,69143
1229,2021,4,Mikrotrans,JAK.75,Cililitan - Kp. Pulo,49851
1230,2021,4,Mikrotrans,JAK.74,Terminal Rawamangun - Cipinang Muara,44545
1231,2021,4,Mikrotrans,JAK.73,Jambore Cibubur - Pasar Rebo,73486
1232,2021,4,Mikrotrans,JAK.72,Kampung Rambutan - Pasar Rebo via Poncol,104102
1233,2021,4,Mikrotrans,JAK.71,Kampung Rambutan - Pinang Ranti,71173
1234,2021,4,Mikrotrans,JAK.64,Lenteng Agung - Aseli,47623
1235,2021,4,Mikrotrans,JAK.61,Cempaka Putih - Pulo Gadung via Kelapa Gading,42043
1236,2021,4,Mikrotrans,JAK.60,Kelapa Gading - Rusun Kemayoran,73738
1237,2021,4,Mikrotrans,JAK.59,Rawamangun - Tanah Merah,94492
1238,2021,4,Mikrotrans,JAK.58,Cilingcing - Rorotan,102437
1239,2021,4,Mikrotrans,JAK.56,Grogol - Srengseng,55901
1240,2021,4,Mikrotrans,JAK.54,Grogol - Benhil,39120
1241,2021,4,Mikrotrans,JAK.53,Grogol - Pos Pengumben via Slipi,36642
1242,2021,4,Mikrotrans,JAK.52,Kalideres - Muara Angke,61905
1243,2021,4,Mikrotrans,JAK.51,Taman Kota - Budi Luhur,108669
1244,2021,4,Mikrotrans,JAK.50,Kalideres - Puri Kembangan,71057
1245,2021,4,Mikrotrans,JAK.49,Lebak Bulus - Cipulir,44479
1246,2021,4,Mikrotrans,JAK.47,Pasar Minggu - Ciganjur via KB Ragunan,53740
1247,2021,4,Mikrotrans,JAK.46,Pasar Minggu - Jagakarsa,87618
1248,2021,4,Mikrotrans,JAK.45,Lebak Bulus - Ragunan,58579
1249,2021,4,Mikrotrans,JAK.44,Andara - Stasiun Universitas Pancasila,67175
1250,2021,4,Mikrotrans,JAK.43,Tongtek - Cililitan,91751
1251,2021,4,Mikrotrans,JAK.42,Kampung Melayu - Pondok Kelapa,67771
1252,2021,4,Mikrotrans,JAK.41,Kampung Melayu - Ppulo Gadung,40336
1253,2021,4,Mikrotrans,JAK.40,Harapan Baru - Pulo Gebang via Rawa Kuning,46119
1254,2021,4,Mikrotrans,JAK.39,Kalimalang - Duren Sawit,66948
1255,2021,4,Mikrotrans,JAK.38,Bulak Ringin - Kampung Rambutan,51343
1256,2021,4,Mikrotrans,JAK.37,Cililitan - Condet via Kayu Manis,59481
1257,2021,4,Mikrotrans,JAK.36,Cilangkap - Cililitan,99921
1258,2021,4,Mikrotrans,JAK.35,Pangkalan  Jati - Rawamangun,33547
1259,2021,4,Mikrotrans,JAK.34,Rawamangun - Klender,83256
1260,2021,4,Mikrotrans,JAK.33,Pulo Gadung - Kota,53128
1261,2021,4,Mikrotrans,JAK.32,Lebak Bulus - Petukangan,96164
1262,2021,4,Mikrotrans,JAK.31,Blok M - Andara,68488
1263,2021,4,Mikrotrans,JAK.30,Grogol - Meruya via Roxy,151229
1264,2021,4,Mikrotrans,JAK.29,Tanjung Priok - Sukapura,114250
1265,2021,4,Mikrotrans,JAK.28,Kp. Rambutan - Taman Wiladatika,70553
1266,2021,4,Mikrotrans,JAK.27,Pulo Gebang - Rorotan,47678
1267,2021,4,Mikrotrans,JAK.26,Rawamangun - Duren Sawit,44229
1268,2021,4,Mikrotrans,JAK.25,Kp. Rambutan - Kalisari,62570
1269,2021,4,Mikrotrans,JAK.24,Senen - Pulo Gadung via Kelapa Gading,77864
1270,2021,4,Mikrotrans,JAK.22,Dwikora - Penas Kalimalang,31455
1271,2021,4,Mikrotrans,JAK.21,Cililitan - Dwikora,64590
1272,2021,4,Mikrotrans,JAK.20,Cawang UKI - Lubang Buaya,67887
1273,2021,4,Mikrotrans,"JAK,19",Pinang Ranti - Kampung Rambutan,120531
1274,2021,4,Mikrotrans,JAK.18,Kalibata - Kuningan,36923
1275,2021,4,Mikrotrans,JAK.17,Senen - Pulo Gadung ,43320
1276,2021,4,Mikrotrans,JAK.16,Cililitan - Condet via Kayu Manis,76238
1277,2021,4,Mikrotrans,JAK.15,Bulak Turi - Tanjung Priok,134431
1278,2021,4,Mikrotrans,JAK.14,Tanah Abang - Meruya,96813
1279,2021,4,Mikrotrans,JAK.13,Tanah Abang - Kota Intan via Jembatan Lima,17877
1280,2021,4,Mikrotrans,JAK.12,Tanah Abang - Kebayoran Lama via Pos Pengumben,67485
1281,2021,4,Mikrotrans,JAK.117,Tanjung Priok - Tanah Merdeka,83132
1282,2021,4,Mikrotrans,JAK.112,Terminal Tanah Merah - Pulo Gadung,51550
1283,2021,4,Mikrotrans,JAK.11,Tanah Abang - Kebayoran Lama ,74291
1284,2021,4,Mikrotrans,JAK.10,Tanah Abang - Kota ,55248
1285,2021,4,Mikrotrans,JAK.09,Roxy Mas - Karet,23484
1286,2021,4,Mikrotrans,JAK.08,Roxy - Benhil,38120
1287,2021,4,Mikrotrans,JAK.07,Tanah Abang - Grogol via Tawakal,53720
1288,2021,4,Mikrotrans,JAK.06,Kampung Rambutan - Pondok Gede,82859
1289,2021,4,Mikrotrans,JAK.05,Semper - Rorotan,73686
1290,2021,4,Mikrotrans,JAK.04,Grogol - Tubagus Angke,51988
1291,2021,4,Mikrotrans,JAK.03,Lebak Bulus - Andara,35820
1292,2021,4,Mikrotrans,JAK.02,Kampung Melayu - Duren Sawit,51757
1293,2021,4,Mikrotrans,JAK.01,Tanjung Priok - Plumpang,65366
1294,2021,4,BRT,9,Pinang Ranti - Pluit,750330
1295,2021,4,BRT,8,Lebak Bulus - Harmoni,515105
1296,2021,4,BRT,7,Kampung Rambutan - Kampung Melayu,442653
1297,2021,4,BRT,6,Ragunan - Dukuh Atas 2,399984
1298,2021,4,BRT,5,Kampung Melayu - Ancol,488359
1299,2021,4,BRT,4,Pulo Gadung 2 - Tosari,302574
1300,2021,4,BRT,3,Kalideres - Pasar Baru,528578
1301,2021,4,BRT,2,Pulo Gadung 1 - Harmoni,387163
1302,2021,4,BRT,13,Ciledug - Tendean,342002
1303,2021,4,BRT,12,Penjaringan - Sunter Bouleverd Barat,161849
1304,2021,4,BRT,11,Pulo Gebang - Kampung Melayu,162931
1305,2021,4,BRT,10,Tanjung Priok - PGC 2,424169
1306,2021,4,BRT,1,Blok M - Kota,1003534
1307,2021,4,Angkutan Umum Integrasi,9H,Cipedak - Blok M,12866
1308,2021,4,Angkutan Umum Integrasi,9E,Kebayoran Lama - Jelambar,13390
1309,2021,4,Angkutan Umum Integrasi,9D,Pasar Minggu - Tanah Abang,81041
1310,2021,4,Angkutan Umum Integrasi,8K,Batu Sari-Tanah Abang,8991
1311,2021,4,Angkutan Umum Integrasi,8E,Bintaro - Blok M,19625
1312,2021,4,Angkutan Umum Integrasi,8D,Joglo - Blok M,32476
1313,2021,4,Angkutan Umum Integrasi,8C,Kebayoran Lama - Tanah Abang,20132
1314,2021,4,Angkutan Umum Integrasi,7P,Pondok Kelapa - BKN,25016
1315,2021,4,Angkutan Umum Integrasi,7D,Pancoran - TMII,23932
1316,2021,4,Angkutan Umum Integrasi,7B,Kampung Rambutan - Blok M,79510
1317,2021,4,Angkutan Umum Integrasi,7A,Kampung Rambutan - Lebak Bulus,55940
1318,2021,4,Angkutan Umum Integrasi,6R,Ragunan - Stasin MRT Fatmawati,1456
1319,2021,4,Angkutan Umum Integrasi,6N,Ragunan - Blok M via Kemang,24508
1320,2021,4,Angkutan Umum Integrasi,6M,Stasiun Manggarai - Blok  M,24651
1321,2021,4,Angkutan Umum Integrasi,6H,Senen - Lebak Bulus,18696
1322,2021,4,Angkutan Umum Integrasi,6C,Stasin Tebet - Karet via Patra Kuningan,93015
1323,2021,4,Angkutan Umum Integrasi,5M,Kampung Melayu - Tanah Abang via Cikini,82099
1324,2021,4,Angkutan Umum Integrasi,5F,Kampung Melayu - Tanah Abang,19869
1325,2021,4,Angkutan Umum Integrasi,5B,Stasiun Tebet - Bidara Cina,8900
1326,2021,4,Angkutan Umum Integrasi,4F,Pinang Ranti - Pulo Gadung,40791
1327,2021,4,Angkutan Umum Integrasi,4B,Stasiun Manggarai - UI,39665
1328,2021,4,Angkutan Umum Integrasi,3E,Sentraland Cengkareng - Puri Kembangan,23523
1329,2021,4,Angkutan Umum Integrasi,1R,Senen - Tanah Abang,12332
1330,2021,4,Angkutan Umum Integrasi,1Q,Rempoa - Blok M,27234
1331,2021,4,Angkutan Umum Integrasi,1P,Senen - Bundaran Senayan,7598
1332,2021,4,Angkutan Umum Integrasi,1N,Tanah Abang - Blok M,6413
1333,2021,4,Angkutan Umum Integrasi,1M,Meruya - Blok M,26770
1334,2021,4,Angkutan Umum Integrasi,1H,Tanah Abang - Stasiun Gondangdia,38538
1335,2021,4,Angkutan Umum Integrasi,1F,Stasiun Palmerah - Bundaran Senayan,8696
1336,2021,4,Angkutan Umum Integrasi,1E,Pondok  Labu - Blok M,68159
1337,2021,4,Angkutan Umum Integrasi,1C,Pesanggrahan - Blok M,16091
1338,2021,4,Angkutan Umum Integrasi,1B,Stasiun Palmerah - Tosari,22586
1339,2021,4,Angkutan Umum Integrasi,1A,PIK - Balai Kota,69934
1340,2021,4,Angkutan Umum Integrasi,12B,Pluit - Senen,12887
1341,2021,4,Angkutan Umum Integrasi,11Q,Kampung Melayu - Pulo Gebang via BKT,11128
1342,2021,4,Angkutan Umum Integrasi,11D,Pulo Gebang - Pulo Gadung 2 via PIK,55677
1343,2021,4,Angkutan Umum Integrasi,10K,Tanjung Priok - Senen via Taman  BMW,34736
1344,2021,11,Mikrotrans,JAK.88,Terminal Tanjung Priok - Ancol Barat,40135
1345,2021,11,Mikrotrans,JAK.85,Bintara - Cipinang Indah,38487
1346,2021,11,Mikrotrans,JAK.84,Terminal Kampung Melayu - Kapin Raya,49142
1347,2021,11,Mikrotrans,JAK.80,Rawa Buaya - Rawa Kompeni,66701
1348,2021,11,Mikrotrans,JA.77,Tanjung Priok - Jembatan Item,75248
1349,2021,11,Mikrotrans,JAK.75,Cililitan - Kp. Pulo,56825
1350,2021,11,Mikrotrans,JAK.74,Terminal Rawamangun - Cipinang Muara,55667
1351,2021,11,Mikrotrans,JAK.73,Jambore Cibubur - Pasar Rebo,84918
1352,2021,11,Mikrotrans,JAK.72,Kampung Rambutan - Pasar Rebo via Poncol,100864
1353,2021,11,Mikrotrans,JAK.71,Kampung Rambutan - Pinang Ranti,65152
1354,2021,11,Mikrotrans,JAK.64,Lenteng Agung - Aseli,61617
1355,2021,11,Mikrotrans,JAK.61,Cempaka Putih - Pulo Gadung via Kelapa Gading,43632
1356,2021,11,Mikrotrans,JAK.60,Kelapa Gading - Rusun Kemayoran,79618
1357,2021,11,Mikrotrans,JAK.59,Rawamangun - Tanah Merah,84370
1358,2021,11,Mikrotrans,JAK.58,Cilingcing - Rorotan,110584
1359,2021,11,Mikrotrans,JAK.56,Grogol - Srengseng,55986
1360,2021,11,Mikrotrans,JAK.54,Grogol - Benhil,52566
1361,2021,11,Mikrotrans,JAK.53,Grogol - Pos Pengumben via Slipi,61754
1362,2021,11,Mikrotrans,JAK.52,Kalideres - Muara Angke,79531
1363,2021,11,Mikrotrans,JAK.51,Taman Kota - Budi Luhur,122865
1364,2021,11,Mikrotrans,JAK.50,Kalideres - Puri Kembangan,77204
1365,2021,11,Mikrotrans,JAK.49,Lebak Bulus - Cipulir,50611
1366,2021,11,Mikrotrans,JAK.47,Pasar Minggu - Ciganjur via KB Ragunan,63835
1367,2021,11,Mikrotrans,JAK.46,Pasar Minggu - Jagakarsa,106263
1368,2021,11,Mikrotrans,JAK.45,Lebak Bulus - Ragunan,55555
1369,2021,11,Mikrotrans,JAK.44,Andara - Stasiun Universitas Pancasila,75946
1370,2021,11,Mikrotrans,JAK.43,Tongtek - Cililitan,104411
1371,2021,11,Mikrotrans,JAK.42,Kampung Melayu - Pondok Kelapa,84595
1372,2021,11,Mikrotrans,JAK.41,Kampung Melayu - Ppulo Gadung,52250
1373,2021,11,Mikrotrans,JAK.40,Harapan Baru - Pulo Gebang via Rawa Kuning,47573
1374,2021,11,Mikrotrans,JAK.39,Kalimalang - Duren Sawit,70372
1375,2021,11,Mikrotrans,JAK.38,Bulak Ringin - Kampung Rambutan,52938
1376,2021,11,Mikrotrans,JAK.37,Cililitan - Condet via Kayu Manis,69292
1377,2021,11,Mikrotrans,JAK.36,Cilangkap - Cililitan,80759
1378,2021,11,Mikrotrans,JAK.35,Pangkalan  Jati - Rawamangun,34484
1379,2021,11,Mikrotrans,JAK.34,Rawamangun - Klender,71939
1380,2021,11,Mikrotrans,JAK.33,Pulo Gadung - Kota,64400
1381,2021,11,Mikrotrans,JAK.32,Lebak Bulus - Petukangan,90627
1382,2021,11,Mikrotrans,JAK.31,Blok M - Andara,73900
1383,2021,11,Mikrotrans,JAK.30,Grogol - Meruya via Roxy,160715
1384,2021,11,Mikrotrans,JAK.29,Tanjung Priok - Sukapura,137509
1385,2021,11,Mikrotrans,JAK.28,Kp. Rambutan - Taman Wiladatika,75895
1386,2021,11,Mikrotrans,JAK.27,Pulo Gebang - Rorotan,59685
1387,2021,11,Mikrotrans,JAK.26,Rawamangun - Duren Sawit,48931
1388,2021,11,Mikrotrans,JAK.25,Kp. Rambutan - Kalisari,57999
1389,2021,11,Mikrotrans,JAK.24,Senen - Pulo Gadung via Kelapa Gading,94793
1390,2021,11,Mikrotrans,JAK.22,Dwikora - Penas Kalimalang,21124
1391,2021,11,Mikrotrans,JAK.21,Cililitan - Dwikora,77867
1392,2021,11,Mikrotrans,JAK.20,Cawang UKI - Lubang Buaya,63118
1393,2021,11,Mikrotrans,"JAK,19",Pinang Ranti - Kampung Rambutan,109711
1394,2021,11,Mikrotrans,JAK.18,Kalibata - Kuningan,41370
1395,2021,11,Mikrotrans,JAK.17,Senen - Pulo Gadung ,59969
1396,2021,11,Mikrotrans,JAK.16,Cililitan - Condet via Kayu Manis,96991
1397,2021,11,Mikrotrans,JAK.15,Bulak Turi - Tanjung Priok,146160
1398,2021,11,Mikrotrans,JAK.14,Tanah Abang - Meruya,115672
1399,2021,11,Mikrotrans,JAK.13,Tanah Abang - Kota Intan via Jembatan Lima,22307
1400,2021,11,Mikrotrans,JAK.12,Tanah Abang - Kebayoran Lama via Pos Pengumben,80723
1401,2021,11,Mikrotrans,JAK.117,Tanjung Priok - Tanah Merdeka,103410
1402,2021,11,Mikrotrans,JAK.112,Terminal Tanah Merah - Pulo Gadung,78124
1403,2021,11,Mikrotrans,JAK.11,Tanah Abang - Kebayoran Lama ,88319
1404,2021,11,Mikrotrans,JAK.10B,Gondangdia - Cikini via Kramat Raya,4008
1405,2021,11,Mikrotrans,JAK.10A,Gondangdia - Cikini via Salemba Raya,30703
1406,2021,11,Mikrotrans,JAK.10,Tanah Abang - Kota ,59213
1407,2021,11,Mikrotrans,JAK.09,Roxy Mas - Karet,31253
1408,2021,11,Mikrotrans,JAK.08,Roxy - Benhil,48046
1409,2021,11,Mikrotrans,JAK.07,Tanah Abang - Grogol via Tawakal,66471
1410,2021,11,Mikrotrans,JAK.06,Kampung Rambutan - Pondok Gede,73113
1411,2021,11,Mikrotrans,JAK.05,Semper - Rorotan,73362
1412,2021,11,Mikrotrans,JAK.04,Grogol - Tubagus Angke,55910
1413,2021,11,Mikrotrans,JAK.03,Lebak Bulus - Andara,41216
1414,2021,11,Mikrotrans,JAK.02,Kampung Melayu - Duren Sawit,56746
1415,2021,11,Mikrotrans,JAK.01,Tanjung Priok - Plumpang,71927
1416,2021,11,BRT,9,Pinang Ranti - Pluit,805724
1417,2021,11,BRT,8,Lebak Bulus - Harmoni,512842
1418,2021,11,BRT,7,Kampung Rambutan - Kampung Melayu,420738
1419,2021,11,BRT,6,Ragunan - Dukuh Atas 2,435539
1420,2021,11,BRT,5,Kampung Melayu - Ancol,487576
1421,2021,11,BRT,4,Pulo Gadung 2 - Tosari,321515
1422,2021,11,BRT,3,Kalideres - Pasar Baru,527539
1423,2021,11,BRT,2,Pulo Gadung 1 - Harmoni,374586
1424,2021,11,BRT,13,Ciledug - Tendean,305567
1425,2021,11,BRT,12,Penjaringan - Sunter Bouleverd Barat,163317
1426,2021,11,BRT,11,Pulo Gebang - Kampung Melayu,148930
1427,2021,11,BRT,10,Tanjung Priok - PGC 2,421487
1428,2021,11,BRT,1,Blok M - Kota,1073929
1429,2021,11,Angkutan Umum Integrasi,9H,Cipedak - Blok M,20159
1430,2021,11,Angkutan Umum Integrasi,9E,Kebayoran Lama - Jelambar,22996
1431,2021,11,Angkutan Umum Integrasi,9D,Pasar Minggu - Tanah Abang,87210
1432,2021,11,Angkutan Umum Integrasi,8K,Batu Sari-Tanah Abang,9463
1433,2021,11,Angkutan Umum Integrasi,8E,Bintaro - Blok M,19613
1434,2021,11,Angkutan Umum Integrasi,8D,Joglo - Blok M,27154
1435,2021,11,Angkutan Umum Integrasi,8C,Kebayoran Lama - Tanah Abang,0
1436,2021,11,Angkutan Umum Integrasi,7P,Pondok Kelapa - BKN,32337
1437,2021,11,Angkutan Umum Integrasi,7D,Pancoran - TMII,27221
1438,2021,11,Angkutan Umum Integrasi,7B,Kampung Rambutan - Blok M,87269
1439,2021,11,Angkutan Umum Integrasi,7A,Kampung Rambutan - Lebak Bulus,88324
1440,2021,11,Angkutan Umum Integrasi,6R,Ragunan - Stasin MRT Fatmawati,0
1441,2021,11,Angkutan Umum Integrasi,6Q,Dukuh Atas - Casablanca via Epicentrum Raya,608
1442,2021,11,Angkutan Umum Integrasi,6N,Ragunan - Blok M via Kemang,31447
1443,2021,11,Angkutan Umum Integrasi,6M,Stasiun Manggarai - Blok  M,24756
1444,2021,11,Angkutan Umum Integrasi,6H,Senen - Lebak Bulus,24583
1445,2021,11,Angkutan Umum Integrasi,6C,Stasin Tebet - Karet via Patra Kuningan,118725
1446,2021,11,Angkutan Umum Integrasi,5M,Kampung Melayu - Tanah Abang via Cikini,95933
1447,2021,11,Angkutan Umum Integrasi,5F,Kampung Melayu - Tanah Abang,18105
1448,2021,11,Angkutan Umum Integrasi,5B,Stasiun Tebet - Bidara Cina,8999
1449,2021,11,Angkutan Umum Integrasi,4F,Pinang Ranti - Pulo Gadung,43945
1450,2021,11,Angkutan Umum Integrasi,4B,Stasiun Manggarai - UI,46314
1451,2021,11,Angkutan Umum Integrasi,3E,Sentraland Cengkareng - Puri Kembangan,901
1452,2021,11,Angkutan Umum Integrasi,3E ,Sentraland Cengkareng - Puri Kembangan,27894
1453,2021,11,Angkutan Umum Integrasi,2Q,Gondangdia - Balai Kota,11567
1454,2021,11,Angkutan Umum Integrasi,2P,Gondangdia - Senen,4653
1455,2021,11,Angkutan Umum Integrasi,1R,Senen - Tanah Abang,8995
1456,2021,11,Angkutan Umum Integrasi,1Q,Rempoa - Blok M,29556
1457,2021,11,Angkutan Umum Integrasi,1P,Senen - Bundaran Senayan,13565
1458,2021,11,Angkutan Umum Integrasi,1N,Tanah Abang - Blok M,14060
1459,2021,11,Angkutan Umum Integrasi,1M,Meruya - Blok M,22326
1460,2021,11,Angkutan Umum Integrasi,1H,Tanah Abang - Stasiun Gondangdia,50329
1461,2021,11,Angkutan Umum Integrasi,1F,Stasiun Palmerah - Bundaran Senayan,0
1462,2021,11,Angkutan Umum Integrasi,1E,Pondok  Labu - Blok M,78905
1463,2021,11,Angkutan Umum Integrasi,1C,Pesanggrahan - Blok M,16241
1464,2021,11,Angkutan Umum Integrasi,1B,Stasiun Palmerah - Tosari,40391
1465,2021,11,Angkutan Umum Integrasi,1A,PIK - Balai Kota,82972
1466,2021,11,Angkutan Umum Integrasi,12A,Pelabuhan Kaliadem - Kota,1463
1467,2021,11,Angkutan Umum Integrasi,12B,Pluit - Senen,10187
1468,2021,11,Angkutan Umum Integrasi,11Q,Kampung Melayu - Pulo Gebang via BKT,11353
1469,2021,11,Angkutan Umum Integrasi,11D,Pulo Gebang - Pulo Gadung 2 via PIK,59155
1470,2021,11,Angkutan Umum Integrasi,10K,Tanjung Priok - Senen via Taman  BMW,34498
1471,2021,11,Angkutan Umum Integrasi,GR4,Taman Kota Intan - Museum Bahari,4
1472,2021,11,Angkutan Umum Integrasi,GR5,Kota Tua Explorer,3
